-- phpMyAdmin SQL Dump
-- version 4.6.6deb5
-- https://www.phpmyadmin.net/
--
-- Host: localhost:3306
-- Generation Time: Jun 02, 2020 at 12:54 PM
-- Server version: 5.7.30-0ubuntu0.18.04.1
-- PHP Version: 7.2.24-0ubuntu0.18.04.6

SET SQL_MODE = "NO_AUTO_VALUE_ON_ZERO";
SET time_zone = "+00:00";


/*!40101 SET @OLD_CHARACTER_SET_CLIENT=@@CHARACTER_SET_CLIENT */;
/*!40101 SET @OLD_CHARACTER_SET_RESULTS=@@CHARACTER_SET_RESULTS */;
/*!40101 SET @OLD_COLLATION_CONNECTION=@@COLLATION_CONNECTION */;
/*!40101 SET NAMES utf8mb4 */;

--
-- Database: `ch-coffee`
--

-- --------------------------------------------------------

--
-- Table structure for table `admins`
--

CREATE TABLE `admins` (
  `id` int(10) UNSIGNED NOT NULL,
  `email` varchar(255) COLLATE utf8mb4_unicode_ci NOT NULL,
  `password` varchar(255) COLLATE utf8mb4_unicode_ci NOT NULL,
  `name` varchar(255) COLLATE utf8mb4_unicode_ci NOT NULL,
  `role` int(11) NOT NULL,
  `email_verified_at` timestamp NULL DEFAULT NULL,
  `remember_token` varchar(100) COLLATE utf8mb4_unicode_ci DEFAULT NULL,
  `created_at` timestamp NULL DEFAULT NULL,
  `updated_at` timestamp NULL DEFAULT NULL
) ENGINE=InnoDB DEFAULT CHARSET=utf8mb4 COLLATE=utf8mb4_unicode_ci;

--
-- Dumping data for table `admins`
--

INSERT INTO `admins` (`id`, `email`, `password`, `name`, `role`, `email_verified_at`, `remember_token`, `created_at`, `updated_at`) VALUES
(16, 'chi@gmail.com', '$2y$10$B9FKwV6Dt0HZ8WCUyIgXU.NYdVgohZ7yoQqSRS14eDITRgwdJXu9S', 'Nguyễn Đắc Chí', 1, NULL, NULL, '2019-11-14 10:52:06', '2019-11-14 10:52:06'),
(17, 'hieu@gmail.com', '$2y$10$cTFZ7RpcsIpg.02p/4tPYORhlp4OL/8HeRE2hp4y5F6rRzz7L59pS', 'Trần Thanh Hiếu', 0, NULL, NULL, '2019-11-14 10:52:57', '2019-11-14 10:52:57'),
(19, 'admin1@gmail.com', '$2y$10$OQ2S.Ki8NxB5g9tkkIDTSe7CGfyubVEyPpY0.d6M5yseTXqwaWtcu', 'admin1', 0, NULL, NULL, '2019-11-15 02:00:49', '2019-11-15 02:00:49'),
(20, 'admin2@gmail.com', '$2y$10$6yLFYfhnKQlsxI/P4dqUX.eP5j43Le7EhTg/..eBXc6NXknHOCFo2', 'admin2', 0, NULL, NULL, '2019-11-15 02:02:07', '2019-11-15 02:02:07'),
(21, 'admin3@gmail.com', '$2y$10$8CnN93tvL7p9WFeBpRzIJOXUqbq.5wPiZ3M35hT5xl1wZTe7Uj2Cm', 'admin3', 0, NULL, NULL, '2019-11-15 11:20:07', '2019-11-15 11:20:07'),
(22, 'admin4@gmail.com', '$2y$10$F38vjQyp8iKCstasJYsD3.gmLvv5EMFgrKqQWsZF/QZcGA7ujh82C', 'admin3', 0, NULL, NULL, '2019-11-16 14:03:36', '2019-11-16 14:03:36'),
(23, 'admin9@gmail.com', '$2y$10$s.JXGqfPQKrbeUVx74DM2.TVDptnj3L2sxNYKgcDMGDV6CxsdWYHe', 'admin9', 0, NULL, NULL, '2019-11-18 13:56:31', '2019-11-18 13:56:31');

-- --------------------------------------------------------

--
-- Table structure for table `brands`
--

CREATE TABLE `brands` (
  `id` int(10) UNSIGNED NOT NULL,
  `name` varchar(255) COLLATE utf8mb4_unicode_ci NOT NULL,
  `image` varchar(255) COLLATE utf8mb4_unicode_ci NOT NULL,
  `created_at` timestamp NULL DEFAULT NULL,
  `updated_at` timestamp NULL DEFAULT NULL
) ENGINE=InnoDB DEFAULT CHARSET=utf8mb4 COLLATE=utf8mb4_unicode_ci;

--
-- Dumping data for table `brands`
--

INSERT INTO `brands` (`id`, `name`, `image`, `created_at`, `updated_at`) VALUES
(1, 'Trung Nguyên', 'logo_trungnguyen.png', NULL, NULL),
(2, 'Nescafé', 'logo_nescafe.png', NULL, NULL),
(3, 'Vinacafé', 'logo_vinacafe.png', NULL, NULL),
(4, 'deVIN', 'logo_devin.png', '2019-10-26 03:00:00', NULL);

-- --------------------------------------------------------

--
-- Table structure for table `coffees`
--

CREATE TABLE `coffees` (
  `id` int(10) UNSIGNED NOT NULL,
  `name` varchar(255) COLLATE utf8mb4_unicode_ci NOT NULL,
  `price` int(11) NOT NULL,
  `image` varchar(255) COLLATE utf8mb4_unicode_ci NOT NULL,
  `capacity` int(11) NOT NULL,
  `info` text COLLATE utf8mb4_unicode_ci NOT NULL,
  `specific` varchar(255) COLLATE utf8mb4_unicode_ci NOT NULL,
  `ingredient` varchar(255) COLLATE utf8mb4_unicode_ci NOT NULL,
  `expired` int(11) NOT NULL,
  `id_brand` int(10) UNSIGNED NOT NULL,
  `id_type` int(10) UNSIGNED NOT NULL,
  `id_unit` int(10) UNSIGNED NOT NULL,
  `created_at` timestamp NULL DEFAULT NULL,
  `updated_at` timestamp NULL DEFAULT NULL
) ENGINE=InnoDB DEFAULT CHARSET=utf8mb4 COLLATE=utf8mb4_unicode_ci;

--
-- Dumping data for table `coffees`
--

INSERT INTO `coffees` (`id`, `name`, `price`, `image`, `capacity`, `info`, `specific`, `ingredient`, `expired`, `id_brand`, `id_type`, `id_unit`, `created_at`, `updated_at`) VALUES
(4, 'Cà Phê Hạt Mộc Success 8 Trung Nguyên 250g', 250000, 'legendsuc8.jpg', 250, 'Thành phần chính của cà phê mộc success 8 được chọn lọc từ những hạt Arabica cao cấp, ngon nhất trong nước và trên thế giới.\r\nNguồn nguyên liệu tươi sạch, công nghệ sản xuất hiện đại bậc nhất cũng đóng vai trò quan trọng tạo nên cái đặc biệt trong hương vị của cà phê rang mộc, nguyên chất.\r\nMàu sắc: Màu nâu đặc trưng của sản phẩm, hạt rang chín đều, không cháy\r\nMùi vị: 100% hạt Arabica mang lại hương vị trái cây, tròn vị, thể chất mạnh nhưng cân bằng, hậu vị ngọt dịu. Được mệnh danh là “Vua cà phê”, cà phê Trung Nguyên là một trong những Thương hiệu làm nên cà phê Việt.\r\nKhi nhắc đến Cà phê, không ai không biết đến Trung nguyên, với đa dạng các sản phẩm và mẫu mã, phù hợp với các tiêu chí khác nhau, cà phê Trung Nguyên - điểm hẹn lý tưởng với những sản phẩm cao cấp và chất lượng nhất, luôn đáp ứng yêu cầu của người thưởng thức Cà phê.\r\nSẽ thật tuyệt vời khi có cảm giác tự xay, tự pha và chờ đợi từng giọt cà phê tí tách trong chiếc phin nhỏ, và rồi được tận hưởng những nét đặc trưng của dòng cà phê cao cấp, Cà Phê Hạt Mộc Success 8 Trung Nguyên.\r\n', 'Chưa rõ', '100% hạt arabica', 24, 1, 5, 1, '2019-10-24 20:00:00', NULL),
(5, 'Cà phê hạt Culi Robusta Trung Nguyên hạt số 1 bịch 1kg', 195000, 'tnculirobusta.jpg', 1000, 'Cà phê hạt culi Robusta Trung Nguyên, được chọn lọc từ những hạt cà phê tròn của giống Robusta, mang trong mình mùi thơm nhẹ nhàng, vị đắng hơi gắt\r\nThông thường, một quả cà phê sau khi thu hoạch trải qua sơ chế ta sẽ thu được 2 hạt cà phê dẹp thông thường. Cà phê hạt culi thì đặc biệt hơn khi chỉ cho ra 1 hạt cà phê duy nhất.\r\nTrên cùng một cây cà phê, các quả cà phê mang hạt culi sẽ chín sớm hơn so với những quả cà phê thông thường.\r\nQuả cà phê mang hạt culi có thời gian chín trên cành kéo dài hơn so với các quả cà phê thông thường. Tức là quả cà phê culi chín nẫu chậm và lâu hơn quả cà phê thông thường.\r\nHạt cà phê culi hầu như chỉ diễn ra trên các chủng loại, giống cà phê thông thường như Chery, Arabica và Robusta. Hạt cà phê culi trên giống cây Robusta được gọi là cà phê Culi Robusta, tương tự với giống cà phê Arabica, chúng được gọi là hạt Culi Arabica.\r\nCà phê hạt culi sau khi được tách riêng ra khỏi các hạt cà phê dẹp thông thường, cà phê hạt culi được bán trên thị trường như một dòng riêng biệt và được coi là một dòng hạt cà phê riêng. Trên thị trường cà phê hạt culi có giá thành cao hơn so với các hạt cà phê cùng chủng loại tương ứng.\r\n', 'Chưa rõ', 'Cà phê culi Robusta, dầu bơ, hương cà phê, hương chocolate', 24, 1, 5, 3, '2019-10-24 20:00:00', NULL),
(6, 'Cafe hạt Culi Arabica 1kg', 320000, 'culiara1kg.jpg', 1000, 'Từ những hạt Culi Arabica ngon nhất thế giới, bí quyết Phương Đông huyền bí, và sản xuất trên công nghệ hàng đầu, cà phê hạt xay Drip-Culi Arabica có mùi thơm rất độc đáo và vị êm nhẹ, ít đắng. Cu-li Arabica có tính a-xít cao hơn nên vị cũng chua mạnh hơn và ngon hơn so với Arabica thường. Tuy nhiên khi pha độ dày và sánh của lớp crema ít hơn. Đây là loại cà phê thượng hạng dành cho những người yêu cà phê.', 'Ít đắng và mùi thơm rất đặc trưng.', 'Cà phê hạt xay Drip - Culi Arabica ', 24, 1, 5, 3, '2019-10-25 03:00:00', NULL),
(7, 'Cafe Hạt Thượng hạng - Premium Culi', 265000, 'preculi1kg.jpg', 1000, 'Một loại cà phê tuyệt vời với dân sành café, dù bận rộn đến mấy, dù quán có xa đến đâu thì họ cũng sẵn sàng “cất công, mất sức” để đến thưởng thức cái hương vị café đặc trưng. Cà phê ở đây không chỉ là một loại thức uống mà là sự tận hưởng, trải nghiệm những hạt cà phê ngon nhất thế giới.\r\nCà phê hạt xay Drip - Premium Culi gồm những hạt Culi thượng hạng được của tất cả các loại cà phê Arabica, Robusta, Excelsa và Catimor, được Trung Nguyên sản xuất trên công nghệ hàng đầu và bí quyết không thể sao chép từ các chuyên gia trung nguyên nên có mùi vị rất thơm ngon, quyến rũ.\r\n', 'Cafe hạt thượng hạng - Premium Culi có nước pha màu cánh gián đậm,\r\nmùi thơm đậm và rất lâu.', 'Cafe hạt thượng hạng - Premium Culi ', 24, 1, 5, 3, '2019-10-25 03:00:00', NULL),
(8, 'Cà Phê Hạt Số 3 Trung Nguyên - Arabica Sẻ', 235000, 'so3tnse.jpg', 1000, 'Đối với những người sành cà phê, dù bận rộn đến mấy, dù quán có xa đến đâu thì họ cũng sẵn sàng “cất công, mất sức” để đến thưởng thức cái hương vị cà phê đặc trưng. Vì với họ, cà phê không chỉ là một loại thức uống mà là sự tận hưởng, trải nghiệm. Vì thế, bên cạnh những gói cà phê hòa tan chất lượng và tiện lợi thì người tiêu dùng vẫn có nhiều lựa chọn khác với cà phê hạt rang Trung Nguyên.\r\nArabica Sẻ chính là những hạt cà phê Arabica có kích thước theo một tiêu chuẩn nhất định và được thông qua các quá trình sàng lọc đặc biệt, trên công ngệ hàng đầu và bí quyết không thể sao chép từ các chuyên gia Trung Nguyên. Chính vì thế bạn có thể hoàn toàn an tâm về chất lượng. Với cà phê hạt xay Drip - Arabica Sẻ, bạn sẽ được thưởng thức những ly cà phê tuyệt hảo với mùi rất thơm, có vị chua nhẹ và màu nâu nhạt.\r\n', 'Chua ro', 'Chua ro', 24, 1, 5, 3, '2019-10-25 03:00:00', NULL),
(9, 'Cà Phê Drip - Chồn (Weasel)', 177000, 'dripchon.jpg', 1000, 'Là sự kết tinh tuyệt vời của nguồn nguyên liệu hạt ngon nhất, được chế biến bằng công nghệ ủ men sinh học hiện đại bậc nhất theo bí quyết phối trộn từ các chuyên gia hàng đầu. Tất cả tạo ra sự hòa quyện cân bằng, hoàn hảo của vị cà phê đặng mạnh mẽ và hương cà phê nồng nàn cho bạn trải nghiệm vị giác và xúc giác tuyệt vời, giúp cung cấp nguồn năng lượng sáng tạo.', 'Nước pha sánh đậm đà.Hương thơm đặc trưng của cà phê Chồn.\r\nLà một sự cân bằng hoàn hảo giữa hương và vị.\r\n', 'Chua ro', 24, 1, 5, 3, '2019-10-25 03:00:00', NULL),
(10, 'Cafe hạt Culi Robusta', 165000, 'culirobu.jpg', 1000, 'Culi Robusta có hương thơm tốt hơn, thiên về mùi hoa quả chín, mùi thảo dược, mùi mạch nha xen lẫn rất nhẹ và tinh tế nên mùi thơm khá hấp dẫn\r\nĐối với dân sành café, dù bận rộn đến mấy, dù quán có xa đến đâu thì họ cũng sẵn sàng “cất công, mất sức” để đến thưởng thức cái hương vị café đặc trưng. Café ở đây không chỉ là một loại thức uống mà là sự tận hưởng, trải nghiệm. Vì thế, bên cạnh những gói café hòa tan chất lượng và tiện lợi thì người tiêu dùng vẫn có nhiều lựa chọn khác với cà phê hạt rang Trung Nguyên.\r\n', 'Nước pha màu nâu đen.\r\nMùi thơm nhẹ, vị đắng hơi gắt.\r\n', 'Culi Robusta được chọn lọc từ những hạt cà phê tròn của giống Robusta.', 24, 1, 5, 3, '2019-10-25 03:00:00', NULL),
(11, 'Cà phê chồn Gia Lai', 17000, 'cafechongl.jpg', 500, 'Là 1 loại cà phê được rất nhiều người ưa chuộng trên nước.Trên thực tế chất lượng hạt cà phê sau khi qua dạ dày loài cầy vòi hương có thay đổi nhưng không nhiều. Nhìn chung vẫn giữ lại một phần hương vị cà phê nguyên chất, nếu chịu khó cảm nhận bạn có thể nếm được vị bùi bùi, dìu dịu vừa ngai ngái, phảng phất mùi của khói và hương vị sô cô la. Nhiều người uống loại cà phê này không chỉ vì hương vị mà còn vì đẳng cấp của nó.', 'Chua ro', 'Chua ro', 24, 1, 6, 3, '2019-10-25 03:00:00', NULL),
(12, 'Cà phê chồn túi lọc ', 200000, 'cafechontuiloc.jpg', 75, 'Cà phê Chồn túi lọc được pha trộn giữa cà phê Arabica( Mocha) với 10% cà phê Chồn tương ứng, tạo nên loại cà phê có nước đậm trung bình, hậu vị êm mượt, vị chua nhẹ nhàng, giàu mùi cacao đem lại cảm giác một ly café hoàn hảo chưa từng có.\r\nCà phê Con Chồn túi lọc – Sản phẩm mới, tiên phong cho dòng túi lọc. Tạo ưu điểm vượt trội và tiện lợi khi sử dụng.\r\nCà phê Chồn túi lọc cam kết dễ pha chế, không sử dụng chất bảo quản.', 'Chua ro', 'Chua ro', 24, 1, 6, 1, '2019-10-25 03:00:00', NULL),
(13, 'Cà phê chồn Weasel ', 17000000, 'cfchonweasel.jpg', 500, 'Là tặng phẩm đặc biệt chỉ dành cho những người thực sự Sành cà phê, những Nhà lãnh đạo, những Nhà kiến tạo tương lai của thế giới. Cà phê chồn nguyên liệu tham gia vào quá trình “bào chế” cà phê WEASEL được thu gom hoàn toàn từ tự nhiên, chọn lọc một cách tỉ mỷ và trải qua một quá trình siêu tiệt trùng đặc biệt trước khi tham gia vào công đoạn chế tác sản phẩm Cà phê WEASEL. Sản xuất giới hạn, mỗi năm chỉ 40 – 50kg.\r\nCà phê chồn Weasel Trung Nguyên là sản phẩm rất thích hợp để biếu, tặng trong các dịp Lễ Tết. Sản phẩm cafe chồn cao cấp nhằm mục đích, giới thiệu, quảng bá và làm quà tặng cho khách hàng hoặc đối tác ngoại giao trong dịp tổ chức sự kiện của các Doanh Nghiệp, Đoàn thể, Cá nhân hoặc Quà tết cổ truyền Việt Nam. Bởi sự Sang Trọng, Lịch Lãm và Đẳng Cấp.', 'Chua ro', 'Chua ro', 24, 1, 6, 1, '2019-10-25 03:00:00', NULL),
(14, 'Cà phê chồn Legend- Cà phê chồn nhân tạo', 800000, 'cfchonlegend.jpg', 500, 'Cà phê Legend Trung Nguyên là sản phâm cà phê chồn, nhưng không phải từ Cà phê phân chồn tự nhiên mà là nhờ vào những tiến bộ khoa học.\r\nCà phê chồn Legend là sản phẩm Cà phê cao cấp Trung Nguyên như một “bản giao hưởng của đất trời và con người” nơi đại ngàn Tây Nguyên hung vĩ, cà phê Trung Nguyên Legend là phiên bản đặc biệt của Cà phê Chồn Weasel “quý hiếm và đắt nhất thế giới”. Với hương thơm dịu như chiếc níu nhẹ nhàng lưu luyến, vị đắng thanh tao như khúc dư tình chợ phiên, cà phê Trung Nguyên Legend sở hữu hương và vị hết sức dị thường, khác biệt mà hiếm có loại cà phê nào trên thế giới sánh kịp.', 'Chua ro', 'Chua ro', 24, 1, 6, 1, '2019-10-25 03:00:00', NULL),
(15, 'Cà phê chồn Legend Revives Robusta', 2450000, 'caphechonlegebo.jpg', 1000, 'Cà phê Robusta được sử dụng để sản xuất ra cà phê chồn robusta được sản xuất từ những quả cà phê chin mọng ở vành đai cà phê Buôn Ma Thuột, thủ phủ cà phê Việt Nam. Cà phê Robusta tại Buôn Ma Thuột có hương vị đậm đà, lượng cafein cao, phù hợp với người có gu thưởng thúc cà phê mạnh.\r\nNhững hạt cà phê Robussta, sẽ được loài chồn lựa chọn tỉ mỉ, chặt chẽ nhờ khướu giác nhạy bén, loài chồn sẽ chỉ ăn những quả cà phê chin mọng nhất, trên nhưng cây cà phê khỏe nhất. Qua quá trình tiêu hóa của loài chồn, phần thịt cà phê sẽ được tiêu hóa chỉ còn lại hạt cà phê. Chúng sẽ ở lại trong dạ dày chồn và được ủ lên men tự nhiên nhờ enzyme đặc biệt có trong dạ dày chồn. Chính nhờ quá chình ủ lên men này, hương vị cà phê sẽ được nâng lên một đẳng cấp mới.\r\nCà phê chồn Robusta có hậu vị ngọt kéo dài trong nhiều giờ đồng hồ sau khi uống, mùi hương đậm đà của hạt robusta sẽ trở nên nồng nàn hơn và phảng phất trong đó là chút vị sô-cô-la ngọt ngào, khiến bao kẻ ghiền cà phê thích thú, say đắm. Để lại sự vấn vương, nhớ thương khôn nguôi mà dung ngôn từ thật khó để diễn tả hết.', 'Chua ro', 'Chua ro', 24, 1, 6, 1, '2019-10-25 03:00:00', NULL),
(16, 'Cà phê chồn Mocha Arabica ', 3250000, 'cfchonmochaara.jpg', 500, 'Cà phê chồn Mocha Arabica, là sản phẩm cà phê chồn nuôi, hộp quà cà phê cao cấp. Cà phê Mocha Arabica Cầu Đất là một trong ít nơi trên Việt Nam, trồng được giống cà phê Arabica, đây là vùng nguyên liệu truyền thống cao cấp được các nhà nhập khẩu cà phê trên thế giới săn tìm và ưu chuộng.\r\nCà phê Mocha Arabica, là loại cà phê cao cấp, giống cây cà phê chỉ trồng được ở độ cao 1600m so với mực nước biển. Vì thế ở Việt Nam, vùng trồng được rất hiếm. Chất lượng cà phê Mocha Arabica trồng tại Cầu Đất, Lâm Đồng được bạn bè thế giới đánh giá cao về chất lượng. Cà phê Mocha Arabica, có vị thanh nhẹ, chua, lượng cafein không quá cao, nhưng mùi hương rất đậm đà. Đây là loại hạt cà phê được các nước trên thế giới ưa chuộng và sử dụng nhiều.\r\nCà phê chồn Mocha Arabica, ngoài việc vẫn giữ được các đặc tính của cà phê Mocha Arabica nguyên thủy, còn được lên men trong da dày chồn, một loại enzyme đặc biệt trong dạ dày chồn hương tiết ra. Đưa hương vị cà phê chồn Mocha Arabica lên một đẳng cấp khác, một đẳng cấp của sự đặc ân của tự nhiên ban cho con người. Vương vấn chút nhẹ Sô-cô-la, không quá đậm để trở nên tinh tế. Vị chua được bổ sung thêm chút ngọt tạo nên một vị chua khác lạ mà bạn khó có thể tìm được ở sản phẩm cà phê truyền thống, một vị chua có chiều sâu đặc biệt.', 'Chua ro', 'Chua ro', 24, 1, 6, 1, '2019-10-25 03:00:00', NULL),
(17, 'Cà phê Chồn KING COFFEE WEASEL 225gam', 10000000, 'cfchonkingweasel.jpg', 500, 'Cà phê Chồn KING COFFEE WEASEL 225gam: Siêu Phẩm Cho Bậc Vĩ Nhân - Sản phẩm hội tụ đầy đủ những tinh hoa hợp nhất từ Âm và Dương, Đất và Trời, Con Người và Thiên Nhiên.\r\nĐược mệnh danh là loại cà phê quý hiếm và tinh túy bậc nhất thế giới, cà phê chồn hội tụ đầy đủ những tinh hoa hợp nhất từ Âm và Dương, Đất và Trời, Con Người và Thiên Nhiên.\r\nKING COFFEE WEASEL - Một siêu phẩm cà phê chồn được sáng tạo dựa trên tinh thần cống hiến, góp phần làm phong phú thêm đời sống trí tuệ thăng hoa của nhân loại. Hoàn toàn khác biệt so với những loại cà phê thông thường khác, KING COFFEE WEASEL là kết quả của quá trình tinh chế hoàn hảo với 9 giai đoạn kỳ công cùng sự tỉ mỉ đạt đến độ tinh xảo.\r\nĐể cảm nhận một cách đủ đầy nhất từng nốt hương vị khác biệt ẩn chứa sâu bên trong KING COFFEE WEASEL, hãy để cơ thể bạn hoàn toàn hòa quyện trong một không gian thật thanh tịnh. Âm hưởng của rừng già thoắt ẩn thoắt hiện bùng nổ mạnh mẽ trong tách cà phê đậm đà, nồng nàn hương thơm quyến rũ mà tao nhã, thức tỉnh tâm hồn, thăng hoa trí tuệ để kiến tạo nên những thành công vĩ đại cho nhân loại.', 'Chưa rõ', 'Cà phê Chồn 100% Arabica nguyên chất đã rang xay.', 24, 1, 6, 1, '2019-10-25 03:00:00', NULL),
(18, 'Cà phê Chồn Hạt Hoàng Gia 200G', 1900000, 'cfchonhoanggia.jpg', 200, 'Cà phê chồn hay cà phê phân chồn là tên một loại cà phê đặc biệt, một thứ đồ uống được xếp vào loại hiếm nhất trên thế giới. Loại cà phê này có nhiều ở Indonesia, trên các hòn đảo Sumatra, Java và Sulawesi. Từ Kopi Luwak được dùng để chỉ một loại hạt do loài cầy vòi đốm ăn quả cà phê rồi thải ra.\r\nKhi hạt cà phê do chồn hương ăn, thải ra được xử lý làm sạch mọi vết bẩn và yếu tố không an toàn thực phẩm, được rang theo một kỹ thuật đặc biệt( bí quyết riêng tạo ra hương vị café) thì sẽ có một loại cà phê chồn thành phẩm.\r\nHiện nay, Cà phê Chồn Hoàng Gia được làm từ 100% cà phê Robusta , khi qua tiêu hóa của Chồn cho ra loại cà phê Chồn Robusta. Khi thưởng thức cà phê Chồn Robusta Hoàng Gia, bạn cảm nhận đầy đủ hương và vị của cà phê.', 'Chưa rõ', 'Chưa rõ', 24, 1, 6, 1, '2019-10-25 03:00:00', NULL),
(19, 'Hộp cà phê cao cấp CHỒN TỰ NHIÊN 250gram', 9200000, 'cfcaocapchontn.jpg', 250, 'Vào khoảng gần 50 triệu đồng một kg Cà phê Chồn tự nhiên? Nghiêm túc đấy, Cà phê Chồn tự nhiên từ lâu được mệnh danh là cực phẩm từ thiên nhiên rất hiếm hoi trên thế giới. Hộp cafe cao cấp Chồn Tự Nhiên 250 gram chính là mối tâm giao tuyệt vời nhất mà bạn nên dành để tri ân cho khách quý của mình.\r\nĐiểm độc đáo và thượng lưu ở Hộp quà là cà phê chồn tự nhiên này chính là ở chỗ cà phê chồn tự nhiên có hương vị quá tuyệt vời và hoàn hảo. Hương và vị của cà phê chồn được đánh giá là đậm đà, lồng ghép vào đó là phảng phất mùi sô cô la. Bất kỳ ai khi thưởng thức cà phê chồn, đều sẽ cảm nhận được “vị mốc” đặc trưng, vị ngọt thơm như siro, và hương vị đậm đà kèm chút vị đắng vô cùng dễ chịu, và điều đó quả thật là quá tuyệt vời.\r\nXứng tầm là một loại cà phê thượng đẳng, cà phê chồn tự nhiên còn có sự hòa quyện của nhiều hương vị khác nhau. Loại cà phê chồn nguyên chất bên trong hộp quà cà phê cao cấp này chắc chắn sẽ mang đến những trải nghiệm thú vị cho người được tặng mỗi khi thưởng thức.', 'Chưa rõ', 'Chưa rõ', 24, 1, 6, 1, '2019-10-25 03:00:00', NULL),
(20, 'Cà phê chồn túi lọc Arabica ', 200000, 'cfchontuiloc.jpg', 75, 'Cũng giống như Cà phê Chồn Túi lọc Robusta thì Cà phê Chồn túi lọc Arabica cũng mang phong cách thưởng thức cà phê tinh tế thời hiện đại. Mang đến cho bạn một ly cafe hảo hạng và nguyên chất nhất ở mọi lúc mọi nơi, đủ đậm đà, đủ thơm ngon và quyến rũ, mê hồn không khác gì như ly cà phê phin truyền thống.\r\nNét độc đáo và đặc trưng nhất của Cà phê Chồn túi lọc Arabica - 75 gam đó là sự phối trộn giữa 10% cà phê Chồn Arabica và  90% Cà phê Robusta cao cấp tương ứng để tạo nên loại cà phê có nước đậm trung bình, vị chua nhẹ nhàng, giàu mùi cacao, cộng hưởng với cái vị hậu êm mượt đúng như gu thưởng thức cafe của người Việt chúng ta.\r\nCà phê Chồn Arabica túi lọc, nó cũng gần giống với túi lọc của trà vậy, và ở đây điểm khác biệt nhất chính là túi lọc cà phê lại không phải ngâm trong nước nóng trong khi pha chế như túi lọc của trà, mà nó còn có khi được gọi là phin giấy. ', 'Chưa rõ', 'Chưa rõ', 24, 1, 6, 1, '2019-10-25 03:00:00', NULL),
(21, 'Cà phê chồn túi lọc Robusta', 170000, 'caphechonrobu.jpg', 75, 'Cà phê Chồn túi lọc Robusta - phong cách thưởng thức cà phê tinh tế thời hiện đại. Mang đến cho bạn một ly cafe hảo hạng và nguyên chất nhất ở mọi lúc mọi nơi, đủ đậm đà, đủ thơm ngon và quyến rũ, mê hồn không khác gì như ly cà phê phin truyền thống.\r\nCà phê túi lọc có thể làm cho người thưởng thức cà phê theo lối pha truyền thống xưa nay còn hơi lạ lẫm. Thế nhưng, cuộc sống hiện đại, cà phê cao cấp được đánh giá là thứ cực phẩm được dành cho mọi thời đại, chính vì thế mà nó phải hợp thời, thời thượng và đẳng cấp hơn.\r\nCà phê Chồn túi lọc Robusta tại Huyền Thoại Việt là một trong những thương hiệu tiên phong tại Việt Nam, áp dụng công nghệ mới để tạo ra từng gói cà phê riêng lẻ, cho người ghiền cafe cơ hội thưởng thức ngay và luôn những ly cà phê nguyên chất sạch thơm ngon, đậm đà, và luôn tươi mới cũng thật dễ dàng và tiện dụng mọi lúc mọi nơi.\r\nTóm lại, Cà phê túi lọc Chồn Robusta là cà phê rang xay nguyên chất 90% và 10% Cà phê Chồn Robusta dạng bột được cho vào trong túi lọc sau đó được pha chế sử dụng. Đúng, đơn giản chỉ có vậy!', 'Chưa rõ', 'Chưa rõ', 24, 1, 6, 3, '2019-10-25 03:00:00', NULL),
(22, 'Cà phê chồn Combo 51 gram', 700000, 'cpchoncombo51.jpg', 50, 'Cà phê Combo chồn là sự kết hợp đồng điệu những nét đặc sắc nhất của hai loại cà phê tuyệt hảo Mocha và Robusta . Khi phối trộn giữa hương thơm đặc biệt của cà phê chồn Mocha Cầu Đất và vị đậm ngọt của cà phê chồn Robusta Buôn Ma Thuột, tạo nên sự khác biệt khi thưởng thức ly café hảo hạng.\r\nThành phần: 60% cà phê Chồn Mocha Cầu Đất - Đà Lạt kết hợp 40% cà phê Chồn Robusta Buôn Ma Thuột.\r\nĐặc trưng của cà phê Chồn Combo - 51 gam thứ thiệt là độ êm mượt, sánh mịn, mùi mốc tương thoang thoảng và hậu vị ngọt kéo dài, hoàn toàn khác biệt với bất cứ loại cà phê nào khác\r\nCà phê Chồn Combo 51 gam được bọc trong hộp quà vàng kim đính Logo đồng  sang trọng , vô cùng đặc biệt để trở thành món quà tặng độc đáo, ý nghĩa.\r\n', 'Chưa rõ', 'Chưa rõ', 24, 1, 6, 1, '2019-10-25 03:00:00', NULL),
(23, 'Cà phê hòa tan Wake up Hương Chồn 306g', 39000, 'wakeuphuongchon.jpg', 106, 'Wake up chắt lọc từ những hạt cà phê ngon nhất cùng bí quyết và công nghệ sản xuất hiện đại, Cà phê hương chồn Wake-up Vinacafé mang đến cho người dùng những trải nghiệm đầy tinh tế. Bên cạnh đó, với chiết xuất từ những hạt cà phê nguyên chất, sản phẩm đem đến những ly cà phê sánh quyện, đậm đặc cùng hương chồn thơm nồng nàn quyến rũ, giúp bạn luôn tỉnh táo để hoàn thành tốt mọi công việc.\r\nHãy khởi đầu ngày mới thật hăng hái cùng Wake - Up Cafe Sài Gòn với hương thơm cà phê ngất ngây, kết hợp vị hài hòa của cà phê và bột kem thơm mát, mang lại cho bạn sự tươi tỉnh, lạc quan để làm tốt những những công việc quan trọng và tận hưởng cuộc sống nhiều hơn.', 'Hương vị cà phê chồn thơm ngon, quyến rũ', 'Chưa rõ', 24, 3, 1, 1, '2019-10-25 03:00:00', NULL),
(24, 'Cà phê hòa tan G7 - Cappuccino hương Chocolate', 72000, 'g7hoatandentn.jpg', 100, 'Mô tả: Bạn đã từng nghe: \" Coffee should be black as Hell, Strong as Death and Swess as Love\" - Cà phê phải đen như địa ngục, đắng như tử thần, ngọt ngào như tình ái\r\nNhưng cappuccino thì không như vậy, một chút sắc đen thẫm và vị đắng của cafe, một chút sữa nóng làm mềm cái đắng ấy, một chút trắng tinh khôi và ngọt ngào của bột sữa đánh bông, một chút hương chocolate thoang thoảng, hay mùi hạt dẻ thơm nồng. Tất cả tạo nên cốc cafe Ý ưa thích ngọt thơm, nhẹ nhàng và mềm mại. Cà phê hoà tan G7 CAPPUCCINO hội tụ những yếu tố đặc biệt ấy bởi được lưa chọn từ những nguyên liệu tốt, công nghệ sản xuất hiện đại, bí quyết Phương Đông độc đáo. Cafe cappuccino được chắt lọc tinh túy từ những hạt cà phê ngon nhất Buôn Ma Thuột kết hợp bột kem và các nguyên liệu cao cấp khác, cộng với bí quyết độc đáo của Trung Nguyên, mang đến những người đam mê cà phê một loại cà phê hòa tan Cappuccino được pha chế theo phong cách Ý', 'Mùi thơm đan xen với socola.', 'Chưa rõ', 24, 1, 1, 1, '2019-10-25 03:00:00', NULL),
(25, 'Cà Phê G7 Hòa Tan Đen Trung Nguyên Hộp 50 Gói', 65000, 'g7htdtn50g.jpg', 30, 'Cà phê G7 hòa tan đen là sản phẩm duy nhất được lựa chọn phục vụ các nguyên thủ quốc gia tại ASEM 5. Vì vậy không phải cần là nguyên thủ, bạn có thể uống loại cà phê này bất cứ lúc nào vì sự tiện lợi và hương vị khó quên của nó. Sản phẩm sẽ ngon hơn khi uống cùng đá lạnh hoặc cho thêm sữa tùy khẩu vị.\r\nCà phê hòa tan G7 Hòa tan đen của Trung Nguyên được chọn lựa từ những hạt cà phê tươi, xanh, sạch và thuần khiết nhất. Cây cà phê được nuôi dưỡng trên mảnh đất bazan Buôn Mê Thuột màu mỡ, được chăm sóc kỹ càng và sạch hoàn toàn để các hạt cà phê khi được lựa chọn phải mang tròn hương vị vốn có mà không pha tạp thêm bất kỳ thứ gì khác.', 'Chua nhẹ, vị đậm đắng, thơm, ngọt.', 'Abrabica, Robusta, Excelsa, Catimor.', 24, 1, 1, 1, '2019-10-25 03:00:00', NULL),
(26, 'Cà phê Sáng tạo 1 Trung Nguyên - 340 gram', 45000, 'cpst1tn.jpg', 340, 'Cà phê sáng tạo 1 của Trung Nguyên sau khi pha chế, cà phê có nước pha màu nâu cánh gián đậm, mùi thơm nhẹ, vị đắng hơi gắt đặc trưng của giống cà phê Robusta.\r\nĐược chế biến từ những hạt cà phê Culi Robusta ngon nhất của vùng đất Thánh địa cà phê Buôn Ma Thuột cùng những công nghệ hiện đại nhất thế giới và bí quyết riêng không thể sao chép, Sáng tạo số 1 mang hương thơm dịu lưu luyến, vị đậm đà mân mê vị giác chuyên dành cho những người sành cà phê và các quán cà phê muốn sở hữu gu cà phê riêng biệt.\r\nĐặc biệt, phối trộn các loại theo công thức và hướng dẫn đặc biệt từ các chuyên gia cà phê Trung Nguyên còn có thể giúp tạo ra gu uống cà phê riêng, mang hương vị đặc trưng chỉ có ở quán bạn.', 'Vị đắng hơi gắt, mùi thơm dịu nhẹ với nước pha màu nâu cánh gián đậm', 'Culi Robusta', 24, 1, 2, 3, '2019-10-25 03:00:00', NULL),
(27, 'Cà Phê Sức Sống (Nâu) - 500gr', 60000, 'cpssnau.jpg', 500, 'Ví như sức sống mãnh liệt của đại ngàn, trong bạn luôn tiềm ẩn nguồn năng lượng vô biên. Nhấp một cụm cà phê Trung Nguyên – Nâu, bạn sẽ thấy tràn đầy sinh lực, sẵn sàng để hành động hơn bao giờ hết.\r\nĐược sáng tạo bởi sự kết hợp 4 loại hạt Arabica, Robusta, Excelsa, Catimor tốt nhất, cũng như công nghệ chế biến cà phê hàng đầu thế giới và bí quyết không thể sao chép, cà phê Trung Nguyên – Nâu mang mùi hương thơm nồng quyến rũ, vị đậm đà đặc trưng sẽ đánh thức những ý tưởng sáng tạo tiềm ẩn và SỨC SỐNG ĐẠI NGÀN còn đang ngủ quên trong bạn.\r\nPhù hợp với mọi cách uống, thích hợp hơn cho những người có \"gu\" uống cà phê đậm.\r\n', 'Mùi hương thơm nồng quyến rũ.Vị đậm đà đặc trưng.', 'Arabica, Robusta, Excelsa và Catimor.', 24, 1, 2, 3, '2019-10-25 03:00:00', NULL),
(28, 'Cà Phê S (Chinh Phục) 5 Gói 100gr', 40000, 'caphescp.jpg', 100, 'Con đường CHINH PHỤC THÀNH CÔNG vốn không dễ dàng nhưng với tinh thần chiến binh quả cảm của chính bạn và sự hậu thuẫn vững chắc bằng chất lượng tuyệt hảo của cà phê Trung Nguyên S sẽ tiếp sức và đánh thức những ý tưởng sáng tạo đột phá để thực hiện những giấc mơ.\r\nVới công thức phối trộn đặc biệt dựa trên sự kết hợp 4 loại hạt Arabica, Robusta, Excelsa, Catimor tốt nhất cũng những công nghệ ché biến cà phê hàng đầuThế giới và bí quyết không thể sao chép, cà phê Trung Nguyên S có màu nước nâu sánh, hương thơm đầy, vị đậm chình là một người bạn đồng hành đích thực trên con đường CHINH PHỤC THÀNH CÔNG.\r\nThích hợp cho những người có \"gu\" uống cà phê đậm. Phù hợp với mọi cách uống.\r\n', 'Cà phê Trung Nguyên S có màu nước nâu sánh, hương thơm đầy, vị đậm đà.', 'Chưa rõ', 24, 1, 2, 3, '2019-10-25 03:00:00', NULL),
(29, 'Cà phê hòa tan NesCafé 3 trong 1 đậm đà hài hòa 340g (17g x 20 gói)', 50000, 'nes3in1340g.jpg', 340, 'Cà phê hòa tan Nescafé 3 trong 1 đậm đà hài hòa được pha trộn theo tỷ lệ thích hợp cùng sữa và bột kem, đáp ứng sở thích thưởng thức của đại đa số người tiêu dùng\r\nSản phẩm mang tới một trải nghiệm đặc biệt cho những tín đồ cà phê tại Việt Nam, bên cạnh vị thơm ngon khó cưỡng, điều khác biệt so với cà phê hòa tan thông thường đó là bạn sẽ thấy được lớp cà phê rang xay nhuyễn mỏng mịn còn đọng lại dưới đáy ly cà phê, là minh chứng cho cà phê rang xay nghiền nhuyễn.\r\nSản phẩm được làm từ 100% hạt cà phê Việt Nam chất lượng cao, gieo trồng và canh tác theo kỹ thuật của Nescafé Plan và sản xuất theo công nghệ nghiền nhuyễn hạt cà phê (MRC - Micronized Roasted Coffee) độc quyền của Nestle.', 'Thơm, dễ chịu ,đậm đà hài hòa. Gu cà phê hài hòa giữa vị cà phê và vị sữa', 'Đường, bột kem pha cà phê, muối, hương cà phê tổng hợp, chất điều chỉnh độ chua', 24, 2, 1, 1, '2019-10-25 03:00:00', NULL),
(30, 'Cà phê hòa tan NesCafé 3 trong 1 đậm vị cà phê 340g (17g x 20 gói)', 50000, 'nes3in1dv340g.jpg', 340, 'Cà phê hòa tan Nescafe 3 trong 1 đậm vị cà phê hộp 20 gói được nghiên cứu riêng dành cho những người thích uống cà phê vị đậm, đắng và hương thơm mạnh mẽ đặc trưng của cà phê nguyên chất\r\nSản phẩm mang tới một trải nghiệm đặc biệt cho những tín đồ cà phê tại Việt Nam, bên cạnh vị thơm ngon khó cưỡng, điều khác biệt so với cà phê hòa tan thông thường đó là bạn sẽ thấy được lớp cà phê rang xay nhuyễn mỏng mịn còn đọng lại dưới đáy ly cà phê, là minh chứng cho cà phê rang xay nghiền nhuyễn.\r\nSản phẩm được làm từ 100% hạt cà phê Việt Nam chất lượng cao, gieo trồng và canh tác theo kỹ thuật của Nescafe Plan và sản xuất theo công nghệ nghiền nhuyễn hạt cà phê (MRC - Micronized Roasted Coffee) độc quyền của Nestle. Bên cạnh các thành phần như cà phê hòa tan, đường, kem sữa truyền thống, sản phẩm mới được bổ xung thêm hạt cà phê rang xay nhuyễn với lớp bọc coffee creamer. Khi cà phê rang xay nhuyễn hòa tan với nước sôi bung nở, sẽ làm bật dậy hương thơm đặc trưng của cà phê rang xay. Bên cạnh đó cà phê rang xay nhuyễn hòa quyện cùng vị sữa sẽ cho ly cà phê đậm đà hơn với vị ngon khó cưỡng.\r\n', 'Đậm đà vị cà phê, Gu cà phê mạnh đặc trưng', 'Đường, bột kem pha cà phê, chất làm dày 1440, muối i-ốt, hương tổng hợp dùng trong thực phẩm, chất điều chỉnh độ chua', 24, 2, 1, 1, '2019-10-25 03:00:00', NULL),
(31, 'Cà phê sữa hòa tan NesCafé Cà phê sữa đá 3 in 1 200g (20g x 10 gói)', 38000, 'nes3in1sd340g.jpg', 200, 'Cà phê sữa hòa tan NesCafe cà phê sữa đá 3 in 1 hộp 10 gói là sự kết hợp hoàn hảo giữa vị đắng đặc trưng của cà phê và vị béo ngọt thơm ngon của sữa, mang đến cho bạn những tách cà phê đậm đà khó cưỡng. Sản phẩm giúp bạn khởi đầu một ngày mới tươi vui và năng động hơn, tăng cường khả năng tập trung khi làm việc hiệu quả.\r\nSản phẩm được tuyển chọn và sản xuất từ những hạt cà phê Việt Nam chất lượng cao và rang ở nhiệt độ lý tưởng nhằm đảm bảo dậy mùi và có hương vị thơm ngon hảo hạng nguyên chất.', ': Cà phê sữa đá đậm đà chất cà phê, hương vị cà phê mạnh mẽ, đậm đà sánh quyện với vị béo ngọt dịu nhẹ của sữa thật.', '100% cà phê Việt Nam nguyên chất', 24, 2, 1, 1, '2019-10-25 03:00:00', NULL),
(32, 'Nescafé Café Việt Cà Phê Rang Xay Vị Nguyên Chất 1 (250g)', 52000, 'nesrxvnc250g.jpg', 250, 'Nescafé Café Việt Cà Phê Rang Xay Vị Nguyên Chất 1 tự hào mang đến cà phê rang xay được sản xuất từ 100% cà phê sạch Robusta Việt Nam tại những vùng cà phê nổi tiếng Đắc Lắc, Lâm Đồng, Đắc Nông, Gia Lai và chọn lọc kỹ từ những trái cà phê sạch chín đỏ không nấm mốc và hóa chất độc hại.\r\nKết hợp cùng công nghệ rang đặc biệt, tỉ mỉ trong thời gian rang và nhiệt độ rang, không tẩm ướt trong suốt quá trình rang để mang đến hạt cà phê rang nguyên chất, sạch sẽ trong suốt quá trình chế biến.\r\nMang lại cho những người sành cà phê Việt Nam một tách cà phê pha phin ngon và sạch với hương thơm quyến rũ, vị cà phê nguyên chất.\r\n', 'Vị cân bằng, hậu vị ngọt thanh, thơm quyến rũ, thoảng mùi caramel', 'Cà phê rang xay nguyên chất (95%),bột cacao, hương thực phẩm tổng hợp', 24, 2, 2, 3, '2019-10-25 03:00:00', NULL),
(33, 'Nescafé Café Việt Cà Phê Rang Xay Vị Nguyên Chất 2 (250g)', 52000, 'nesrxvnc250g2.jpg', 250, 'Nescafé Café Việt Cà Phê Rang Xay Vị Nguyên Chất 2 tự hào mang đến cà phê rang xay được sản xuất từ 100% cà phê sạch Robusta Việt Nam tại những vùng cà phê nổi tiếng Đắc Lắc, Lâm Đồng, Đắc Nông, Gia Lai và chọn lọc kỹ từ những trái cà phê sạch chín đỏ không nấm mốc và hóa chất độc hại.\r\nKết hợp cùng công nghệ rang đặc biệt, tỉ mỉ trong thời gian rang và nhiệt độ rang, không tẩm ướt trong suốt quá trình rang để mang đến hạt cà phê rang nguyên chất, sạch sẽ trong suốt quá trình chế biến.\r\nMang lại cho những người sành cà phê Việt Nam một tách cà phê pha phin ngon và sạch với hương thơm quyến rũ, vị cà phê nguyên chất.', 'Đậm vị cà phê, hậu vị đắng êm, hương thơm cà phê rang xay nồng.', 'Cà phê rang xay nguyên chất (99%), hương thực phẩm tổng hợp', 24, 2, 2, 3, '2019-10-25 03:00:00', NULL),
(34, 'Cà phê sữa NesCafé Espresso Roast 180ml', 12500, 'nesesro180.jpg', 180, 'Cà phê sữa Nescafe Espresso Roast lon 180ml được sản xuất từ hạt cà phê thượng hạng, mang đến cho bạn một hương vị cà phê mới, đậm đà hơn, sảng khoái hơn. Một lon cà phê mát lạnh tiện lợi sẽ là lựa chọn mới cho mọi người nơi công sở, giúp bạn tập trung và cảm thấy hưng phấn khi bắt đầu một ngày làm việc hay học tập.\r\nSản phẩm đã được đóng lon rất tiện dụng vì có thể sử dụng mọi lúc mọi nơi mà không mất thời gian pha chế. Đây còn là sản phẩm chất lượng cao và hợp vệ sinh, được sản xuất theo công nghệ tiên tiến, không sử dụng các chất hóa học, chất gây hại cho sức khỏe nên bạn hoàn toàn yên tâm sử dụng để bổ sung năng lượng mỗi ngày.', 'Hương vị cà phê Espresso đậm đà hòa quyện cùng vị sữa nhẹ nhàng.', 'Nước, đường, chiết xuất cà phê (4,4%), sữa bột tách kem, chất béo sữa, chất điều chỉnh độ acid,...', 24, 2, 3, 2, '2019-10-25 03:00:00', NULL),
(35, 'Cà phê đen NesCafé Latte 180ml', 12500, 'neslat180.png', 180, 'Cà phê uống liền Nescafe Latte là sản phẩm cà phê uống liền mang phong cách hiện đại, được sản xuất từ hạt cà phê thượng hạng, mang đến cho bạn một hương vị cà phê mới, đậm đà hơn, sảng khoái hơn. Một lon cà phê Nescafe thơm ngon có thể giúp bạn tập trung và cảm thấy hưng phấn khi bắt đầu một ngày làm việc hay học tập.\r\nCà phê uống liền Nescafé Latte được đóng lon 180ml tiện dụng, có thể sử dụng mọi lúc mọi nơi mà không mất thời gian pha chế.', 'Dành cho những người thích gu cà phê Latte thơm béo nhiều sữa, hài hòa vị cà phê.', ': Đường, nước, chiết xuất cà phê, chất béo sữa, hương cà phê giống tự nhiên, sữa bột tách kem, chất điều chỉnh độ axit,...', 24, 2, 3, 2, '2019-10-25 03:00:00', NULL),
(36, 'Cà phê đen NesCafé Café Việt 170ml', 12500, 'nescaviet170.jpg', 170, 'Cà phê hòa tan NesCafé Café Việt là sản phẩm cà phê uống liền mang phong cách hiện đại, được sản xuất từ 100% từ những hạt cà phệ Việt Nam chất lượng, được tuyển chọn và sàng lọc, rang xay theo công nghệ độc quyền của NesCafé, mang đến cho bạn một hương vị cà phê mới, đậm đà hơn, sảng khoái hơn.\r\nMột lon cà phê NesCafé thơm ngon có thể giúp bạn tập trung và cảm thấy hưng phấn khi bắt đầu một ngày làm việc hay học tập.\r\nCà phê uống liền NesCafé Việt được đóng lon tiện dụng, có thể sử dụng mọi lúc mọi nơi mà không mất thời gian pha chế.\r\n', 'Làm từ nước cốt cà phê tươi mang đến hương vị cà phê đen rang xay thuần tuý kiểu Việt với hương cà phê thơm nồng, ngọt hậu và đắng nhẹ.', 'Nước, nước cốt hỗn hợp cà phê rang xay, đường, chất điều chỉnh độ chua, hương tổng hợp, muối i-ốt, chất ổn định 415, chất tạo ngọt tổng hợp 950', 24, 2, 3, 2, '2019-10-25 03:00:00', NULL),
(37, 'Cà phê sữa NesCafé 170ml', 12000, 'cafenessuada170.jpg', 170, 'Cà phê uống liền Nescafe Latte lon 170 ml là sản phẩm cà phê uống liền mang phong cách hiện đại, được sản xuất từ hạt cà phê thượng hạng, mang đến cho bạn một hương vị cà phê mới, đậm đà hơn. Chỉ với một lon Nescafe Latte sẽ giúp bạn tỉnh táo và tập trung vào công việc ngay tức thì.\r\nCà phê pha sẵn từ Nescafe có nhiều hương vị đa dạng, cho bạn nhiều sự lựa chọn: Nescafe\' Espresso Roast (Vị Cà phê đậm đà), Nescafe\' Cafe Việt (Cà phê đen kiểu Việt), Nescafe\' Extra Rich (gu cà phê đậm). Cà phê uống liền Nescafe Latte lon 180 ml có hương vị Cà phê Sữa béo ngọt, thích hợp cho những bạn thích sự hòa quyện của sữa và cà phê.', 'Kết hợp hoàn hảo giữa sữa thật và nước cốt cà phê tươi từ 100% hạt cà phê Việt Nam chất lượng, mang đến hương vị cà phê sữa đá Việt Nam truyền thống.', 'Nước, nước cốt hỗn hợp cà phê rang xay, đường, bột kem pha cà phê,...', 24, 2, 3, 2, '2019-10-25 03:00:00', NULL),
(38, 'Bột Kem Nestle Coffee Mate (450g)', 62000, 'botkemnescofmate450.jpg', 450, 'Bột Kem Nestle Coffee Mate (450g) là loại bột kem không làm từ sữa đầu tiên, được ưa chuộng trên thế giới nhờ khả năng tạo béo nhưng không ngọt, thêm phần đậm đà cho tách cà phê của bạn. Bột kem này có thể dùng được cho người ăn kiêng vì không chứa Cholesterol.\r\n\r\nBột Kem Nestle Coffee Mate được điều chế hương vị đặc biệt, có khả năng tạo béo nhưng không gây ngọt. Nhờ đó, bột kem có thể dễ dàng phù hợp với khẩu vị của hầu hết người dùng.\r\nBột Kem Nestle Coffee Mate là thành phần đặc biệt có thể thay đổi tách cà phê bình thường thành tách cà phê đậm đà theo đúng nghĩa. Hương vị kem mịn sẽ kết hợp cùng cà phê đắng đậm và thơm lừng đánh thức mọi khứu giác của người thưởng thức. Sản phẩm ngon hơn khi uống nóng.\r\n', 'Thơm, béo, thích hợp dùng chung với cà phê', 'Bột kem, sữa, muối, chất điều chỉnh…', 24, 2, 4, 1, '2019-10-25 03:00:00', NULL),
(39, 'Bột kem pha cafe Mỹ Nestlé Coffee Mate 1.41kg', 380000, 'botkemmynetcoma141.jpg', 1410, 'Hàng quán cafe luôn kích thích bạn ghé thăm không chỉ thu hút bạn bởi không gian thơ mộng, độc lạ hay để bạn thoả sức “sống ảo”. Mỗi ly cà phe còn mang đến cho bạn sự hấp dẫn riêng của nó bởi hương vị đặc trưng của từng quán.\r\nNhăm nhi 1 tách cafe cùng người thân, bạn bè, cảm giác tự tay pha thật tuyệt vời và ý nghĩa biết bao. Bí quyết để có ly cafe vừa chất lượng, vừa thơm béo là bột kem pha cafe Mỹ Nestle Coffee Mate.\r\nBột kem Nestlé Coffee-mate tạo béo nhưng không gây ngọt, dễ dàng phù hợp với mọi khẩu vị của người tiêu dùng. Nếu bạn là người thích ngọt thì vẫn có thể thêm một ít đường hoặc sữa cho vừa miệng.\r\n', 'Thơm, béo, thích hợp dùng chung với cà phê', 'Bột kem, sữa, muối, chất điều chỉnh…', 24, 2, 4, 1, '2019-10-25 03:00:00', NULL),
(40, 'Cà Phê Sữa Hoà Tan Café deVIN 3in1 (Hộp 10 gói x 17g)', 26000, 'deVIN3in1.jpg', 170, 'Cà phê hòa tan deVIN 3 trong 1 đậm đà hài hòa được pha trộn theo tỷ lệ thích hợp cùng sữa và bột kem, đáp ứng sở thích thưởng thức của đại đa số người tiêu dùng\r\nSản phẩm mang tới một trải nghiệm đặc biệt cho những tín đồ cà phê tại Việt Nam, bên cạnh vị thơm ngon khó cưỡng, điều khác biệt so với cà phê hòa tan thông thường đó là bạn sẽ thấy được lớp cà phê rang xay nhuyễn mỏng mịn còn đọng lại dưới đáy ly cà phê, là minh chứng cho cà phê rang xay nghiền nhuyễn.\r\nSản phẩm được làm từ 100% hạt cà phê Việt Nam chất lượng cao\r\n', 'Thơm, ngon, mùi vị dễ chịu', 'Đường, caramel, bột kem, cà phê hoà tan (12%), sữa bột, muối, hương cà phê', 12, 4, 1, 1, '2019-10-26 03:00:00', NULL),
(41, 'Lon Vinacafé Cà Phê Rang Xay (500g)', 120000, 'vinacoffee-rangxay500g.jpg', 500, 'Lon Vinacafé Cà Phê Rang Xay (500g) - Bí quyết để có ly cà phê rang xay ngon theo kiểu Việt Nam là ở khâu lựa chọn nguyên liệu hạt, cách thức phối trộn và điều chỉnh chế độ rang xay phù hợp.\r\nại Vinacafé, với hơn 50 năm kinh nghiệm hiểu biết sâu sắc về hạt cà phê Việt Nam (từ năm 1968), các chuyên gia đã trình diễn các bí quyết trên trong dòng sản phẩm mới Vinacafé Cà Phê Rang Xay để làm nên hương vị đâm đà của cà phê rang xay 100% nguyên chất đúng kiểu Việt Nam.\r\n', 'Đậm đà kiểu cà phê rang, ngon, ngọt, dễ chịu', 'robusta, arabica', 12, 3, 2, 2, '2019-10-26 03:00:00', NULL),
(42, 'Cà phê xay Vinacafé Black mạnh mẽ và nồng nhiệt', 83000, 'vinacoffee-black.jpg', 200, 'Cà phê xay vinacafé là dòng sản phẩm cà phê phin mang phong cách Việt Nam, mạnh mẽ và nồng nhiệt. Vinacafé tôn vinh hương vị tuyệt hảo đặc trưng của robusta Việt Nam. CÀ phê xay Vinacafé Black 100% từ hạt cà phê nguyên chất, không pha tạp chất phụ gia tạo màu, tạo hương , đảm bảo sức khỏe người tiếu dùng', 'đắng, đen, đậm đà, chất của người Việt Nam', '100% robusta', 12, 3, 2, 3, '2019-10-26 03:00:00', NULL),
(43, 'Cà Phê Sữa Hoà Tan Café deVIN 3in1 (Túi 30 gói x 17g)', 69000, 'deVIN3in1510g.jpg', 510, 'Cà phê hòa tan deVIN 3 trong 1 đậm đà hài hòa được pha trộn theo tỷ lệ thích hợp cùng sữa và bột kem, đáp ứng sở thích thưởng thức của đại đa số người tiêu dùng\r\nSản phẩm mang tới một trải nghiệm đặc biệt cho những tín đồ cà phê tại Việt Nam, bên cạnh vị thơm ngon khó cưỡng, điều khác biệt so với cà phê hòa tan thông thường đó là bạn sẽ thấy được lớp cà phê rang xay nhuyễn mỏng mịn còn đọng lại dưới đáy ly cà phê, là minh chứng cho cà phê rang xay nghiền nhuyễn.\r\nSản phẩm được làm từ 100% hạt cà phê Việt Nam chất lượng cao\r\n', 'Thơm, ngon, mùi vị dễ chịu', 'Đường, caramel, bột kem, cà phê hoà tan (12%), sữa bột, muối, hương cà phê', 12, 4, 1, 3, '2019-10-26 03:00:00', NULL),
(44, 'Cà Phê Đường Kiêng Café deVIN 3in1 (Hộp 10 gói x 17g)', 35000, 'deVIN3in1duongkieng.jpg', 170, 'cà Phê Đường Kiêng Café deVIN 3in1 chắt lọc từ những hạt cà phê ngon nhất cùng bí quyết và công nghệ sản xuất hiện đại, Cà phê hương chồn 3.	Cà Phê Đường Kiêng Café deVIN 3in1 mang đến cho người dùng những trải nghiệm đầy tinh tế. Bên cạnh đó, với chiết xuất từ những hạt cà phê nguyên chất, sản phẩm đem đến những ly cà phê sánh quyện, đậm đặc cùng hương chồn thơm nồng nàn quyến rũ, giúp bạn luôn tỉnh táo để hoàn thành tốt mọi công việc.\r\nHãy khởi đầu ngày mới thật hăng hái cùng 3.	Cà Phê Đường Kiêng Café deVIN 3in1  với hương thơm cà phê ngất ngây, kết hợp vị hài hòa của cà phê và bột kem thơm mát, mang lại cho bạn sự tươi tỉnh, lạc quan để làm tốt những những công việc quan trọng và tận hưởng cuộc sống nhiều hơn.\r\n', 'Thơm, ngon, mùi vị nhẹ, ít đường', ': Đường kiêng, Acesulfame K, caramel, Isomalt, bột kem, cà phê hoà tan (12%), sữa bột, muối, hương cà phê', 12, 4, 1, 1, '2019-10-26 03:00:00', NULL),
(45, 'Cà Phê Đen Hoà Tan Espresso Café deVIN 2in1 (Hộp 10 gói x 16g)', 29000, 'deVIN2in1160g.jpg', 160, 'Cà Phê Đen Hoà Tan Espresso Café deVIN 2in1  , cà phê có nước pha màu nâu cánh gián đậm, mùi thơm nhẹ, vị đắng hơi gắt đặc trưng của giống cà phê Robusta.\r\nĐược chế biến từ những hạt cà phê Culi Robusta ngon nhất của vùng đất Thánh địa cà phê Buôn Ma Thuột cùng những công nghệ hiện đại nhất thế giới và bí quyết riêng không thể sao chép, Sáng tạo số 1 mang hương thơm dịu lưu luyến, vị đậm đà mân mê vị giác chuyên dành cho những người sành cà phê và các quán cà phê muốn sở hữu gu cà phê riêng biệt.\r\nĐặc biệt, phối trộn các loại theo công thức và hướng dẫn đặc biệt từ các chuyên gia cà phê deVin còn có thể giúp tạo ra gu uống cà phê riêng, mang hương vị đặc trưng chỉ có ở quán bạn.\r\n', 'Chất đen, gu mạnh ', 'Đường, maltodextrin, cà phê hoà tan (25%), muối, hương cà phê.', 12, 4, 1, 1, '2019-10-26 03:00:00', NULL),
(46, 'Cà Phê Đen Hoà Tan Espresso Café deVIN 2in1 (Túi 30 gói x 16g)', 89000, 'deVIN2in1.jpg', 480, 'Cà Phê Đen Hoà Tan Espresso Café deVIN 2in1  , cà phê có nước pha màu nâu cánh gián đậm, mùi thơm nhẹ, vị đắng hơi gắt đặc trưng của giống cà phê Robusta.\r\nĐược chế biến từ những hạt cà phê Culi Robusta ngon nhất của vùng đất Thánh địa cà phê Buôn Ma Thuột cùng những công nghệ hiện đại nhất thế giới và bí quyết riêng không thể sao chép, Sáng tạo số 1 mang hương thơm dịu lưu luyến, vị đậm đà mân mê vị giác chuyên dành cho những người sành cà phê và các quán cà phê muốn sở hữu gu cà phê riêng biệt.\r\nĐặc biệt, phối trộn các loại theo công thức và hướng dẫn đặc biệt từ các chuyên gia cà phê deVin còn có thể giúp tạo ra gu uống cà phê riêng, mang hương vị đặc trưng chỉ có ở quán bạn.\r\n', 'Chất đen, gu mạnh.', 'Đường, maltodextrin, cà phê hoà tan (25%), muối, hương cà phê.', 12, 4, 1, 3, '2019-10-28 03:00:00', NULL),
(47, 'Cà phê deVIN Cappuccino 160g', 59000, 'deVINcappu.jpg', 160, 'Cà phê deVIN Cappuccino160g, dành cho những người thích hương vị cà phê đậm đà, mạnh như cà phê rang xay.\r\nĐược sản xuất trên công nghệ hàng đầu, chiết xuất từ những phần tinh túy nhất có trong từng hạt cà phê và bí quyết không thể sao chép, deVIN cho ra đời sản phẩm cà phê Cappuccino dành cho những người thích hương vị cà phê đậm đà, sữa tươi béo, ngọt, dịu dàng.\r\n', 'chất cà phê sữa, hòa quyện vị sữa tươi cappuccino.', 'Đường, maltodextrin, cà phê hoà tan (25%), muối, hương cà phê, sữa tươi.', 12, 4, 1, 1, '2019-10-28 03:00:00', NULL),
(48, 'Cà phê deVIN vị Hạnh Nhân 160g', 59000, 'deVINhanhnhan.jpg', 160, 'Cà phê deVIN Cappuccino160g, dành cho những người thích hương vị cà phê đậm đà, mạnh như cà phê rang xay cùng với hương vị hạnh nhân tốt cho sức khỏe.\r\nĐược sản xuất trên công nghệ hàng đầu, chiết xuất từ những phần tinh túy nhất có trong từng hạt cà phê và bí quyết không thể sao chép, deVIN cho ra đời sản phẩm cà phê vị hạnh nhân dành cho những người thích hương vị cà phê đậm đà, sữa tươi béo, mùi vị hạnh nhân đặc trưng.\r\n', 'chất cà phê , hòa quyện vị hạnh nhân đặc trưng.', 'Đường, maltodextrin, cà phê hoà tan (25%), muối, hương cà phê, hạnh nhân(5%)', 12, 4, 1, 1, '2019-10-28 03:00:00', NULL),
(49, 'CÀ PHÊ SỮA VINACAFE  (26GÓI X 20GR/GÓI)', 49000, 'vinacoffee-sua.jpg', 520, 'Hương vị nguyên bản vượt trội thời gian\r\nHơn 45 năm tại Vinacafe, chúng tôi cam kết không làm mất đi sự nguyên bản trong từng hương từng vị cà phê bằng bí quyết công thức hạt 100%, cho mỗi tách cà phê hoà tan 3 in 1 Vinacafe Gold Original là sự thưởng thức cà phê ngon đúng nghĩa.\r\n', 'Cà phê chất mạnh, tinh hoa hương vị từ 100% cà phê việt.', 'Đường, cafe hòa tan, bột kem thực vật, chất ổn định, chất nhũ hóa, chất chống đông vón, muối.', 24, 3, 1, 3, '2019-10-28 03:00:00', NULL),
(50, 'Vinacafe Chất - Sài Gòn Cà Phê Sữa Đá (Hộp 10 Gói x 29G)', 38000, 'vinacoffee-chat.jpg', 290, 'Vinacafe Chất - Sài Gòn Cà Phê Sữa Đá được chắt lọc từ những hạt cà phê nguyên chất mang đến hương vị đậm đà trong từng tách cà phê. Hương thơm ngây ngất, cho bạn sự tỉnh táo và tràn đầy năng lượng để bắt đầu ngày mới.\r\nVinacafe Chất - Sài Gòn Cà Phê Sữa Đá là sản phẩm cà phê sữa đến từ thương hiệu Vinacafe.\r\nVinacafe Chất - Sài Gòn Cà Phê Sữa Đá được làm từ cà phê nguyên chất nên mang đến chất lượng tuyệt hảo. Sản phẩm vẫn giữ được vị đắng đặc trưng và hương thơm đậm đà. Vinacafe Chất sẽ trở thành nguồn năng lượng, mang đến sự tỉnh táo cho bạn sẵn sàng giải quyết mọi công việc.\r\n', 'Vinacafe Chất Sài Gòn Cà PhêSữa Đá được chắt lọc từ những hạtcà phê nguyên chất mang đến hương vị đậm đà trong từng táchcà phê.', 'Đường, Bột kem pha cà phê, Melnodextrin, Hương cafe tự nhiên.', 24, 3, 1, 1, '2019-10-28 03:00:00', NULL),
(51, 'Hộp 48 viên nén Vinacafe De Nam', 480000, 'vinacoffee-viennen.jpg', 326, ': Viên Nén Cà Phê Vinacafe de Nam là sản phẩm tương thích với máy pha cà phê Vinacafe – Café de Nam 100% nguyên chất (Cà phê Arabica và Robusta).\r\nSản phẩm là những hạt cafe được tuyển chọn từ những hạt cà phê chính mọng kỹ từ các quốc gia nổi tiếng về cafe trên thế giới\r\nCafe viên nén được pha chế bởi máy pha cafe sẽ tạo ra một ly cafe với lớp kem dầy, thơm, béo và đầy hấp dẫn.\r\nMỗi gói gồm 48 viên nén.\r\n', '1 viên – Sành Điệu(gu nhẹ) , 2 viên – Bản Lĩnh (gu đậm).', 'Robusta và Arabica', 12, 3, 2, 1, '2019-10-28 03:00:00', NULL),
(52, 'Gói 24 viên nén Vinacafe De Nam', 239000, 'vinacoffee-viennen24.jpg', 168, 'Viên Nén Cà Phê Vinacafe de Nam là sản phẩm tương thích với máy pha cà phê Vinacafe – Café de Nam 100% nguyên chất (Cà phê Arabica và Robusta).\r\nSản phẩm là những hạt cafe được tuyển chọn từ những hạt cà phê chính mọng kỹ từ các quốc gia nổi tiếng về cafe trên thế giới\r\nCafe viên nén được pha chế bởi máy pha cafe sẽ tạo ra một ly cafe với lớp kem dầy, thơm, béo và đầy hấp dẫn.\r\nMỗi gói gồm 24 viên nén.\r\n', '1 viên – Sành Điệu(gu nhẹ) , 2 viên – Bản Lĩnh (gu đậm).', 'Robusta và Arabica', 12, 3, 2, 3, '2019-10-28 03:00:00', NULL),
(53, 'Cà phê sữa hòa tan NesCafé 3 trong 1 sánh đậm 240g (24g x 10 gói)', 35000, 'nes3in1sanhdam.jpg', 240, 'Cà phê sữa hòa tan NesCafe 3 trong 1 sánh đậm hộp 10 gói mang trong mình vị đắng quen thuộc và hương thơm tự nhiên vốn có, sản phẩm được tạo ra để mang đến niềm đam mê về một loại cà phê nguyên chất và thuần khiết.\r\nBạn sẽ cảm nhận được cái hương vị đậm đà rất Việt Nam, cái vị đắng dịu nhẹ ban đầu và \"dư âm\" của hậu vị cà phê đọng lại nơi cổ họng không thể nào quên.\r\n', 'Đặc trưng với vị béo ngọt của sữa, hoà quyện với hương vị cà phê đậm đà.', 'Đường, bột kem cà phê, hỗn hợp cà phê hòa tan, maltodextrin, chất làm đày 1440, muối, màu tổng hợp.', 24, 2, 1, 1, '2019-10-28 03:00:00', NULL),
(54, 'NESCAFÉ 3in1 Cà phê Sôcôla 200g (10 gói x 20g)', 35000, 'nes3in1socola.jpg', 200, 'NESCAFÉ 3in1 Cà phê Sôcôla được điều chế từ những hạt cà phê nguyên chất, được tuyển chọn kỹ lưỡng, mang đến cho bạn những ly cà phê ngon tuyệt, đậm vị socola.\r\nLoại cà phê này được rang theo kỹ thuật hiện đại ở nhiệt độ lý tưởng, đảm bảo dậy mùi và có hương vị thơm ngon hảo hạng.\r\nSự kết hợp hoàn hảo từ 100% cà phê thuần tuý Việt Nam hoà quyện với sữa thật và bột ca cao chất lượng, NESCAFÉ 3IN1 Cà Phê Sôcôla mang đến trải nghiệm cà phê mới thơm ngon khó cưỡng.\r\nNESCAFÉ 3IN1 Cà Phê Sôcôla, phiên bản mash-up giữa cà phê với ca cao cho vị đắng hòa quyện với vị ngọt của sữa thật, đem lại ly cà phê thơm ngon như pha chế tại coffee shop ngay tại nhà.\r\n', 'Sự kết hợp hoàn hảo từ 100% cà phê thuần tuý Việt Nam hoà quyện với sữa thật và bột ca cao chất lượng.', '100% cà phê việt', 24, 2, 1, 1, '2019-10-28 03:00:00', NULL),
(55, 'Nescafe Cappuccino Vị Caramel (hộp 10 gói x 20 g)', 60000, 'nes3in1caramel.png', 200, 'NESCAFÉ Cappuccino vị Caramel - thơm ngon \"chuẩn gu\" như ly Cappuccino được pha tại quán cà phê.Mô tả sản phẩm.\r\nNESCAFÉ Cappuccino vị Caramel được làm từ 100% hạt cà phê Robusta Việt Nam kết hợp cùng bột kem nhập khẩu từ Nhật Bản với công nghệ Booster độc quyền từ Nestlé mang đến cho bạn ly Cappuccino thơm ngon, vị sữa béo đặc trưng, cùng lớp bọt sữa sánh mịn \"chuẩn gu\" như được pha bằng máy tại quán cà phê bạn yêu thích. NESCAFÉ Cappuccino vị Caramel - Chuẩn gu cà phê quán.\r\n', 'Chất cà phê hòa lẫn vị kém sánh mịn.', 'Đường, bột kem, sữa bột tách kem, muối i-ốt, chất điều chỉnh độ chua 500.', 24, 2, 1, 1, '2019-10-28 03:00:00', NULL),
(56, 'Cà Phê Hòa Tan Latte Macchiato Nescafe Gold (20.5g x 10 Gói)', 73000, 'nesgoldlatte.jpg', 205, 'Cà Phê Hòa Tan Latte Macchiato Nescafe Gold đây là dòng sản phẩm cà phê hòa tan cao cấp được phát triển theo gu thưởng thức cà phê ngày càng đa dạng của người Việt.\r\nSản phẩm được tạo ra từ những hạt cà phê Arabica và Robusta chất lượng cao cùng với sữa chất lượng, xử lý bằng công nghệ tạo bọt độc quyền của NESCAFÉ để tạo nên lớp bọt sữa dày mịn màng, quyến rũ của ly cà phê Ý đúng điệu.\r\nVới cách đóng gói tiện lợi, việc pha chế dễ dàng, giờ đây, bạn có thể thưởng thức tách cà phê Ý yêu thích ở bất cứ nơi đâu, bất cứ lúc nào cùng NESCAFÉ GOLD như bữa sáng đầy cảm hứng, buổi trưa cần chút thư giãn, buổi chiều cần nạp chút sáng tạo...\r\n', 'cà phê chất, thoang thoảng vị sữa tươi.', 'Kết hợp từ cà phê Arabica và Robusta cùng với sữa được xử lý bằng công nghệ tạo bọt độc quyền của Nescafé.', 24, 2, 1, 1, '2019-10-28 03:00:00', NULL),
(57, 'Cà Phê Hòa Tan Cappuccino Nescafe Gold (20.5g x 10 Gói)', 79300, 'nesgoldcappu.jpg', 205, 'Cà Phê Hòa Tan Cappuccino Nescafe Gold đây là loại sản phẩm cà phê hòa tan cao cấp được phát triển theo gu thưởng thức cà phê ngày càng nhiều của người Việt.\r\nSản phẩm được tạo ra từ các hạt cà phê Arabica và Robusta chất lượng cao cùng với sữa chất lượng, xử lý bằng khoa học tạo bọt độc quyền của NESCAFÉ để tạo nên lớp bọt sữa dày dặn, mịn màng, quyến rũ của ly cà phê Ý sành điệu.\r\nSản phẩm được đóng gói tiện lợi, việc pha chế tiện dụng, giờ đây, bạn mang thể thưởng thức tách cà phê Ý đúng điệu ở bất cứ nơi đâu, bất cứ khi nào khi có NESCAFÉ GOLD như bữa sáng đầy cảm hứng, buổi trưa cần chút thư giãn, buổi chiều cần nạp chút thông minh…Nescafe tự hào ra mắt cái sản phẩm mới Nescafe Gold sở hữu mong muốn đáp ứng gu thưởng thức cà phê ngày càng tinh tế của người Việt và đem đến cho bạn 1 tuyển lựa mới: 1 hương vị cà phê Ý đúng chuẩn sở hữu lớp bọt sữa mịn màng cùng hương cà phê tinh tế chỉ với hai phút chuẩn bị.Sản phẩm được áp dụng các khoa học tiên tiến nhất để bổ sung thêm cà phê được rang và  xay nhuyễn giúp mang đến vị cà phê tinh tế của tinh hoa cà phê Arabica và Robusta theo tỷ lệ phối trộn xuất sắc, đúng phong cách Âu Châu.  Nguồn sữa chất lượng cao từ Úc và New Zealand kết hợp cùng công nghệ tạo bọt độc quyền của Nestle tạo nên lớp bọt sữa mịn màng, sánh quyện, vị béo ngọt ngào.ngoài ra với bao so bì đẳng cấp, chất lượng cao cấp thì đây cũng sở hữu thể là món quà đầy ý nghĩa để bạn gửi trao thành ý tới các người quan yếu trong cuộc sống của mình đó.\r\n', 'Cà phê thơm, lớp bọt sữa mịn màng, sánh quyện, vị béo ngọt ngào.', 'Kết hợp từ cà phê Arabica và Robusta cùng với sữa được xử lý bằng công nghệ tạo bọt độc quyền của Nescafé.', 24, 2, 1, 1, '2019-10-28 03:00:00', NULL);
INSERT INTO `coffees` (`id`, `name`, `price`, `image`, `capacity`, `info`, `specific`, `ingredient`, `expired`, `id_brand`, `id_type`, `id_unit`, `created_at`, `updated_at`) VALUES
(58, 'Hộp cà phê hòa tan Nescafe Gold White Espresso (10 gói x 25g)', 87000, 'nesgoldwhite.jpg', 205, 'Nescafe Gold cà phê phong cách châu Âu với tỉ lệ phối trộn Arabica cao hơn Robusta đem đến 1 ly cafe chuẩn Ý cao cấp.\r\n\r\nHương vị tinh tế, hương thơm khó cưỡng cùng với một chút cafe rang xay nguyễn tạo nên sự độc đáo cho Nescafé Gold White Espresso.\r\n\r\nLớp bột nhẹ nhàng, mịn màng tạo cảm giác thoải mái và thích thú khi thưởng thức sản phẩm.\r\n\r\nBạn có thể sử dụng Nescafé gold White Espresso vào những lúc thư giãn, nghỉ ngơi để tận hưởng cuộc sống.', 'Thơm, ngon, tinh tế với rang xay nhuyễn.', ' Đường, bột kem (dầu thực vật hydro hóa, sữa bột tách kem, xirô glucose, chất điều chỉnh độ chua (340(ii), 452(i), 331(iii)), natri caseinat, chất chống đông vón 551.', 24, 2, 1, 1, '2019-10-28 03:00:00', NULL),
(59, 'Nescafé Việt - Cà Phê Đen Đá(15 gói x 16gr)', 49500, 'nesdenda.jpg', 240, 'Cà Phê NESCAFE Việt Cà phê Đen Đá đem đến cho người thưởng thức một hương vị thuần túy Việt Nam với vị cà phê mạnh mẽ, nguyên chất. Hương vị cà phê đen đậm đà và mạnh mẽ với hương thơm lôi cuốn, cho bạn thỏa mãn niềm đam mê thưởng thức cà phê đen đá thuần túy Việt Nam với một phong cách hiện đại. Sản phẩm chất lượng cao và hợp vệ sinh, được sản xuất theo công nghệ hiện đại, không sử dụng các chất hóa học, chất gây hại cho sức khỏe, nên bạn hoàn toàn yên tâm sử dụng. Sản phẩm được đóng gói nhỏ trong hộp tiện dụng, giúp bạn không mất quá nhiều thời gian pha chế, tiện cho bạn khi thưởng thức cà phê ở văn phòng hoặc khi đi chơi xa, du lịch.', 'Chất đen cà phê, gu mạnh, sản khoái một ngày dài.', 'Đường, hỗn hợp cà phê hòa tan, muối, chất điều chỉnh độ chua, hương tổng hợp', 24, 2, 1, 1, '2019-10-27 20:00:00', NULL),
(60, 'Nescafé Café Việt Cà Phê Đen Đá Ít Đường (12 gói x 7 gr)', 30000, 'nesdendaitduong.jpg', 84, 'Cà phê đen đá NesCafe Việt mang trong mình vị đắng quen thuộc và hương thơm tự nhiên vốn có, nay được bổ sung thêm hàm lượng cà phê nguyên chất, cho hương vị cực mạnh, thơm ngon gấp bội.\r\n\r\nSản phẩm được tạo ra để mang đến niềm đam mê về một loại cà phê nguyên chất và thuần khiết. Bạn sẽ cảm nhận được hương vị đậm đà rất Việt Nam, vị đắng dịu nhẹ ban đầu và \"dư âm\" của vị cà phê đọng lại nơi cổ họng không thể nào quên.\r\n\r\nCòn gì tuyệt vời hơn khi khởi đầu ngày mới với một ly NesCafe Việt cà phê đen đá, hớp một ngụm đặc trưng vị cà phê mạnh mẽ, bạn như được khơi dậy nguồn hứng khởi cho thể chất và tinh thần. Cũng nhờ đó, mọi câu chuyện, mọi kết nối được chia sẻ dễ dàng hơn.', 'Vị cà phê chuẩn đen, dành cho gu cà phê mạnh nhưng vẫn ít đường.', 'Đường(10%), hỗn hợp cà phê hòa tan, muối, chất điều chỉnh độ chua, hương tổng hợp', 24, 2, 1, 1, '2019-10-27 20:00:00', NULL),
(61, 'Cà phê đen hòa tan NesCafé Red Cup 30g (2g x 15 gói)', 21000, 'nesredcup.jpg', 30, 'Cà phê hòa tan nguyên chất Red Cup của thương hiệu Nescafe được làm từ cà phê nguyên chất nên mang đến chất lượng tuyệt hảo. Sản phẩm vẫn giữ được vị đắng đặc trưng và hương thơm đậm đà của cà phê, thích hợp dành cho những giờ thưởng thức cà phê bên bạn bè hay đồng nghiệp.\r\n\r\nCà phê hòa tan nguyên chất Nescafe Red Cup sẽ trở thành nguồn năng lượng, mang đến sự tỉnh táo và tăng cảm hứng sáng tạo cho một ngày làm việc hiệu quả. Cà phê luôn là thức uống hàng đầu dành cho những người hay giải quyết nhiều công việc.', 'Hương vị tuyệt hảo, không đường thích hợp sử dụng trong khi làm việc.', '100% bột cà phê hòa tan', 24, 2, 1, 1, '2019-10-27 20:00:00', NULL),
(62, 'Cà phê đen hòa tan NesCafé Café Việt vị mạnh hộp (3g x 12 gói)', 24500, 'nesvimanh.jpg', 36, 'Được làm từ 100% hạt cà phê chất lượng cùng chương trình Nescafe Plan. Nescafe tự hào mang đến cho bạn một ly cà phê đậm đà, vị mạnh đúng chuẩn thuần túy Việt Nam, làm cho người thưởng thức bừng tỉnh tức thì, tăng sự tập trung, sảng khoái tinh thần.\r\nThành phần từ cà phê nguyên chất, tuyển chọn kỹ lưỡng từ những hạt cà phê chất lượng cao, được rang theo kỹ thuật hiện đại ở nhiệt độ lý tưởng, đảm bảo dậy mùi và có hương vị thơm ngon hảo hạng, phù hợp với khẩu vị thưởng thức của người Việt.\r\nHương vị cà phê đen đậm đà hòa với hương thơm lôi cuốn sẽ cho bạn cảm giác thỏa mãn, hài lòng nhất dù uống nóng hay uống đá.\r\n', 'Vị đậm mạnh, không đường, cho bạn tuỳ ý đong đếm khẩu vị phù hợp.', '100% từ hạt cà phê Việt Nam', 24, 2, 1, 1, '2019-10-27 20:00:00', NULL),
(63, 'Gói cà phê đen hòa tan NesCafé Café Việt (16g x 35 gói)', 97000, 'nesdenda560g.jpg', 560, 'Cà phê đen đá NesCafe Việt mang trong mình vị đắng quen thuộc và hương thơm tự nhiên vốn có, nay được bổ sung thêm hàm lượng cà phê nguyên chất, cho hương vị cực mạnh, thơm ngon gấp bội.\r\nSản phẩm được tạo ra để mang đến niềm đam mê về một loại cà phê nguyên chất và thuần khiết. Bạn sẽ cảm nhận được hương vị đậm đà rất Việt Nam, vị đắng dịu nhẹ ban đầu và \"dư âm\" của vị cà phê đọng lại nơi cổ họng không thể nào quên.\r\nCòn gì tuyệt vời hơn khi khởi đầu ngày mới với một ly NesCafe Việt cà phê đen đá, hớp một ngụm đặc trưng vị cà phê mạnh mẽ, bạn như được khơi dậy nguồn hứng khởi cho thể chất và tinh thần. Cũng nhờ đó, mọi câu chuyện, mọi kết nối được chia sẻ dễ dàng hơn.\r\n', 'Vị đậm mạnh, có đường', 'Đường, hỗn hợp cà phê hòa tan, muối, chất điều chỉnh độ chua, hương tổng hợp', 24, 2, 1, 3, '2019-10-27 20:00:00', NULL),
(64, 'Hộp cà Phê Nescafé Red Cup (200g)', 115000, 'nesredcuphop.jpg', 200, 'Cà Phê Nescafé Red Cup được điều chế từ những cà phê nguyên chất, tuyển chọn kỹ lưỡng từ những hạt cà phê Việt Nam chất lượng cao. Sau khi chọn lọc, cà phê sẽ được xử lý bằng công nghệ ERA hiện đại. giúp giữ lại trọn vẹn hương vị nguyên thủy của từng hạt cà phê, cho bạn thưởng thức mùi thơm và vị tinh tế nhất.\r\nCà Phê Nescafé Red Cup là lựa chọn hoàn hảo dành cho người muốn được thưởng thức cà phê cổ điển, thuần khiết và không pha trộn. Trong sản phẩm tuyệt đối không chứa đường, sữa hay bất kỳ nguyên liệu nào, giữ lại vị đắng và thơm lừng chính thống của cà phê nguyên chất.\r\nCà Phê Nescafé Red Cup (200g) là lựa chọn lý tưởng dành cho người muốn được thưởng thức cà phê cổ điển, thuần khiết và không pha trộn. Sản phẩm được đóng hũ sang trọng, nhỏ gọn, có thể mang theo để sử dụng ở văn phòng hoặc đi chơi xa, du lịch.\r\n', '100% nguyên chất không pha sẵn (không đường, không sữa) dành cho người muốn được thưởng thức cà phê cổ điển, thuần khiết và không pha trộn.', '100% bột cà phê hòa tan', 24, 2, 1, 1, '2019-10-27 20:00:00', NULL),
(65, 'Thức Uống Sữa Cà Phê Nescafé Smoovlatte (225ml)', 16000, 'nessmoovlatte.jpg', 225, 'Thức Uống Sữa Cà Phê Nescafé Smoovlatte khơi nguồn hứng khởi cho ngày mới năng động, vị cà phê sữa thơm ngon, ẩn hiện tinh tế, hòa tan trong vị béo ngọt ngào.\r\nĐược điều chế từ những cà phê nguyên chất, tuyển chọn kỹ lưỡng từ những hạt cà phê Việt Nam chất lượng cao.\r\nThiết kế dạng chai tiện lợi, dễ dàng mang đi xa, mang lại cho bạn một tinh thần sảng khoái để khởi đầu cho ngày mới năng động, đồng thời giúp bạn làm việc hiệu quả với một tinh thần tập trung cao.\r\n', 'Thức uống sữa cà phê dạng chai tiện lợi được làm từ sữa thật hòa quyện cùng cà phê ', 'Nước, nước cốt hỗn hợp cà phê rang xay, đường, bột kem pha cà phê,...', 12, 2, 3, 2, '2019-10-29 20:00:00', NULL),
(66, 'Thức Uống Sữa Cà Phê Nescafé Smoovlatte Mocha (225ml)', 14000, 'nessmoovlattemocha.jpg', 225, 'Thức Uống Sữa Cà Phê Nescafé Smoovlatte Mocha thiết kế dạng chai tiện lợi, dễ dàng mang đi xa.\r\nSữa thật, cà phê thật, cho ngày mới tươi tỉnh.\r\nHương cà phê dịu nhẹ, vị dịu ngọt của sữa tươi và chocolate.\r\nKhơi nguồn hứng khởi cho ngày mới năng động.\r\n', 'thức uống sữa cà phê dạng chai tiện lợi được làm từ sữa thật, cà phê thật có thêm hượng vị socola.', 'Nước, nước cốt hỗn hợp cà phê rang xay, đường, bột kem pha cà phê,...', 12, 2, 3, 2, '2019-10-29 20:00:00', NULL),
(67, 'Bột kem pha cà phê Coffee Mate French Vanilla (425g)', 150000, 'nesbotkemvanilla.jpg', 425, 'Hàng quán cafe luôn kích thích bạn ghé thăm không chỉ thu hút bạn bởi không gian thơ mộng, độc lạ hay để bạn thoả sức “sống ảo”. Mỗi ly cà phe còn mang đến cho bạn sự hấp dẫn riêng của nó bởi hương vị đặc trưng của từng quán.\r\nNhăm nhi 1 tách cafe cùng người thân, bạn bè, cảm giác tự tay pha thật tuyệt vời và ý nghĩa biết bao. Bí quyết để có ly cafe vừa chất lượng, vừa thơm béo là bột kem pha cafe Pháp Nestle.', 'Thơm, béo, thoang thoảng vị vanilla,thích hợp dùng chung với cà phê.', 'Bột kem, sữa, muối, chất điều chỉnh…', 24, 2, 4, 1, '2019-10-29 20:00:00', NULL);

-- --------------------------------------------------------

--
-- Table structure for table `coffee_types`
--

CREATE TABLE `coffee_types` (
  `id` int(10) UNSIGNED NOT NULL,
  `name` varchar(255) COLLATE utf8mb4_unicode_ci NOT NULL,
  `created_at` timestamp NULL DEFAULT NULL,
  `updated_at` timestamp NULL DEFAULT NULL
) ENGINE=InnoDB DEFAULT CHARSET=utf8mb4 COLLATE=utf8mb4_unicode_ci;

--
-- Dumping data for table `coffee_types`
--

INSERT INTO `coffee_types` (`id`, `name`, `created_at`, `updated_at`) VALUES
(1, 'Cà phê hoà tan', NULL, NULL),
(2, 'Cà phê phin', NULL, NULL),
(3, 'Cà phê uống liền', NULL, NULL),
(4, 'Bột kem pha cà phê', NULL, NULL),
(5, 'Cà phê hạt', NULL, NULL),
(6, 'Cà phê chồn', NULL, NULL);

-- --------------------------------------------------------

--
-- Table structure for table `customers`
--

CREATE TABLE `customers` (
  `id` int(10) UNSIGNED NOT NULL,
  `email` varchar(255) COLLATE utf8mb4_unicode_ci NOT NULL,
  `password` varchar(255) COLLATE utf8mb4_unicode_ci NOT NULL,
  `name` varchar(255) COLLATE utf8mb4_unicode_ci NOT NULL,
  `address` varchar(1000) COLLATE utf8mb4_unicode_ci NOT NULL,
  `phone_number` varchar(20) COLLATE utf8mb4_unicode_ci NOT NULL,
  `email_verified_at` timestamp NULL DEFAULT NULL,
  `remember_token` varchar(100) COLLATE utf8mb4_unicode_ci DEFAULT NULL,
  `created_at` timestamp NULL DEFAULT NULL,
  `updated_at` timestamp NULL DEFAULT NULL
) ENGINE=InnoDB DEFAULT CHARSET=utf8mb4 COLLATE=utf8mb4_unicode_ci;

--
-- Dumping data for table `customers`
--

INSERT INTO `customers` (`id`, `email`, `password`, `name`, `address`, `phone_number`, `email_verified_at`, `remember_token`, `created_at`, `updated_at`) VALUES
(1, 'hieu@gmail.com', '$2y$10$YrJbaiR0Iy5tXShkHmKX2ujPtk5wMKhpd3YAnVd6TEiU9uzYCI4Uq', 'Trần Thanh Hiếu', '180 Cao Lỗ, quận 8, tpHCM', '123456', NULL, 'MvhRXLjnKSbVOZMPXXaXduaB4umFx24SR4YwlHbSukRAXMHxSWmd5PPKac4X', '2019-11-12 14:49:56', '2019-12-15 11:59:16'),
(2, 'a@gmail.com', '$2y$10$kfAIlCD3rGwMOF5mPvjLauUcH/3JLLXKq3xv5w59G77iafuPkPBw6', 'a', 'SG', '123', NULL, NULL, '2019-11-14 01:20:58', '2019-11-14 01:20:58'),
(3, 'b@gmail.com', '$2y$10$xwzmlfiTfI8hBQVbCwk48.T1iidsS4Hv/UKl6AXHSCuIiNCHMEgOW', 'b', 'SG', '123', NULL, NULL, '2019-11-14 21:46:28', '2019-11-14 21:46:28'),
(4, 'trung@gmail.com', '$2y$10$QooyCJX/1731I.71KQAAr.LTSgBlUAlVEKcXOfnllfQ6KazI.mlpm', 'Huỳnh Quốc Trung', 'quận 5, HCMC', '123', NULL, NULL, '2019-12-16 01:29:15', '2019-12-16 03:08:18'),
(5, 'minh@gmail.com', '$2y$10$0aO4bBiuGQO5QDcIhuyWbOf23jPggH0F71kw9Yaeo0uAUyifosmua', 'Minh', '1', '1', NULL, NULL, '2019-12-16 14:57:41', '2019-12-16 14:57:41'),
(6, 'f@gmail.com', '$2y$10$PGIIVlslj5t8LYkki5qsZesYrLuZ3WbwB6tKixru0ct9UjrVW6YFu', 'A', 'A', '1232', NULL, NULL, '2019-12-25 07:21:25', '2019-12-25 07:22:40'),
(7, 'dacchi@gmail.com', '$2y$10$9QzDfzT8yC3s4v5bG0ROROx5MMElOGVNibkiDTvk7X3e/8uAxjA7O', 'Dac Chi', 'HCMC', '12345678', NULL, NULL, '2020-05-01 05:07:07', '2020-05-01 05:07:07');

-- --------------------------------------------------------

--
-- Table structure for table `failed_jobs`
--

CREATE TABLE `failed_jobs` (
  `id` bigint(20) UNSIGNED NOT NULL,
  `connection` text COLLATE utf8mb4_unicode_ci NOT NULL,
  `queue` text COLLATE utf8mb4_unicode_ci NOT NULL,
  `payload` longtext COLLATE utf8mb4_unicode_ci NOT NULL,
  `exception` longtext COLLATE utf8mb4_unicode_ci NOT NULL,
  `failed_at` timestamp NOT NULL DEFAULT CURRENT_TIMESTAMP
) ENGINE=InnoDB DEFAULT CHARSET=utf8mb4 COLLATE=utf8mb4_unicode_ci;

-- --------------------------------------------------------

--
-- Table structure for table `migrations`
--

CREATE TABLE `migrations` (
  `id` int(10) UNSIGNED NOT NULL,
  `migration` varchar(255) COLLATE utf8mb4_unicode_ci NOT NULL,
  `batch` int(11) NOT NULL
) ENGINE=InnoDB DEFAULT CHARSET=utf8mb4 COLLATE=utf8mb4_unicode_ci;

--
-- Dumping data for table `migrations`
--

INSERT INTO `migrations` (`id`, `migration`, `batch`) VALUES
(1, '2014_10_12_100000_create_password_resets_table', 1),
(2, '2019_08_19_000000_create_failed_jobs_table', 1),
(3, '2019_10_24_132359_create_brands_table', 1),
(4, '2019_10_24_133917_create_coffee_types_table', 1),
(5, '2019_10_26_034714_create_units_table', 1),
(6, '2019_10_28_123037_create_coffees_table', 1),
(7, '2019_11_04_125514_create_statuses_table', 1),
(8, '2019_11_05_125513_create_customers_table', 1),
(9, '2019_11_05_125515_create_shopping_carts_table', 1),
(10, '2019_11_05_125537_create_admins_table', 1),
(11, '2019_11_05_125543_create_news_table', 1),
(12, '2019_11_05_125544_create_shipping_infos_table', 1),
(13, '2019_11_05_125549_create_orders_table', 1),
(14, '2019_11_05_125555_create_order_details_table', 1);

-- --------------------------------------------------------

--
-- Table structure for table `news`
--

CREATE TABLE `news` (
  `id` int(10) UNSIGNED NOT NULL,
  `title` varchar(255) COLLATE utf8mb4_unicode_ci NOT NULL,
  `content` text COLLATE utf8mb4_unicode_ci NOT NULL,
  `review` varchar(1000) COLLATE utf8mb4_unicode_ci NOT NULL,
  `image` varchar(255) COLLATE utf8mb4_unicode_ci NOT NULL,
  `created_at` timestamp NULL DEFAULT NULL,
  `updated_at` timestamp NULL DEFAULT NULL
) ENGINE=InnoDB DEFAULT CHARSET=utf8mb4 COLLATE=utf8mb4_unicode_ci;

--
-- Dumping data for table `news`
--

INSERT INTO `news` (`id`, `title`, `content`, `review`, `image`, `created_at`, `updated_at`) VALUES
(1, 'SỰ TINH TẾ TRONG VĂN HÓA CÀ PHÊ CỦA NGƯỜI Ý', '<div class=\"new-ct\">\r\n<h1 align=\"center\">SỰ TINH TẾ TRONG VĂN HÓA CÀ PHÊ CỦA NGƯỜI Ý</h1></br>\r\n<p>Từ lâu, nước Ý được mệnh danh là vùng đất sản sinh ra những thức uống từ cà phê tuyệt hảo, lừng danh thế giới. Mỗi tách cà phê của người Ý đều mang hương vị đậm đà, nét tinh tế và sức hút không thể chối từ. Cùng với dòng chảy thời gian, văn hóa cà phê Ý đã trở thành nét đặc trưng không thể thiếu của đất nước hình chiếc ủng xinh đẹp.</p>\r\n<h1>Ý – Cái nôi của nền văn hóa cà phê lâu đời</h1></br>\r\n<p>Ý là một trong những quốc gia góp phần đưa văn hóa cà phê đến gần hơn với người tiêu dùng trên khắp các châu lục. Thưởng thức cà phê không đơn thuần chỉ là một thói quen đơn thuần vào mỗi buổi sáng, mà dần dần trở thành nghệ thuật đầy tinh tế. Vào năm 1615, những hạt cà phê đầu tiên xuất hiện tại Ý qua những gánh hàng rong. Đến những năm 1645, quán cà phê đầu tiên được ra đời ở đây. Sự pha trộn giữa Arabica và Robusta hoặc chỉ sử dụng hạt Arabica chính là yếu tố làm nên hương vị đặc trưng không thể nhầm lẫn của cà phê Ý. Sự khác biệt giữa cà phê Ý với các loại cà phê khác trên thế giới nằm ở màu nâu cánh gián đẹp mắt, không dầu hoặc ít dầu. Những hạt cà phê ngon nhất, được người Ý lựa chọn, đem đi rang thơm và ướp hương theo bí quyết gia truyền để làm nên hương vị đặc trưng.</p>\r\n<div class=\"img-news\">\r\n<img src=\"../images/news/coffee-espresso.jpg\" /></br>\r\n<i> Sự kết hợp giữa cà phê Robusta và Arabica làm nên nét đặc trưng của hương vị cà phê Ý.</i></br>\r\n</div>\r\n<p>Hai loại cà phê ghi dấu ấn trong nền văn hóa cà phê Ý đó là Espresso và Cappucino. Espresso trong tiếng Ý nghĩa là làm thật nhanh. Khi pha chế cà phê Espresso, người Ý sẽ đun sôi nước và đổ vào phin, cho dòng nước sôi chảy nhanh, mạnh, lực nước sẽ nén cà phê, tạo thành dòng chảy cà phê xuống tách qua một màng lọc. Một lớp Espresso đậm ở phía dưới và lớp bọt sữa bồng bềnh trên bề mặt chính là nét quyến rũ, đầy tinh tế của những tách Cappucino đậm chất Ý. Cà phê Cappucino của người Ý còn rắc thêm chút bột chocolate ngọt ngào hay một lớp bột quế thơm nồng để tăng hương vị hấp dẫn của tách cà phê.</p></br>\r\n<h1>Người Ý chỉ thưởng thức cà phê vào bữa sáng</h1></br>\r\n<p>Cà phê là thức uống không thể thiếu hàng ngày của người Ý. Điều đặc biệt, người Ý chỉ thưởng thức cà phê vào buổi sáng, các buổi trưa và tối không phải là thời gian dành cho cà phê. Với người Ý, cà phê như một thức uống đánh thức mọi giác quan, khởi đầu một ngày mới tràn sinh lực, vì lượng axit trong cà phê sẽ giúp tăng cường khả năng bài tiết cho hệ tiêu hóa. Với cà phê mang tính cảm nhận như Cappucino thì không bao giờ được người Ý thưởng thức vào buổi sáng và sau bữa trưa, vì họ quan niệm rằng, những thời điểm đó, bạn sẽ không cảm nhận trọn vẹn được hương vị đậm đà của tách cà phê.</p></br>\r\n<div class=\"img-news\">\r\n<img src=\"../images/news/shutterstock409042612.jpg\" /></br>\r\n<i>Người Ý chỉ thưởng thức cà phê vào buổi sáng.</i></br>\r\n</div>\r\n<p>Đối với nhiều người, thưởng thức cà phê cần phải có thời gian nhâm nhi, cảm nhận sâu lắng hương vị cà phê và ngẫm nghĩ chuyện đời. Nhưng đặc biệt đối với người Ý, để gọi là người biết thưởng thức cà phê, bạn phải biết cách uống cà phê vừa đủ nhanh nhưng vẫn cảm nhận được trọn vẹn được hương vị ngon của tách cà phê. Châm ngôn của người Ý đó là, thưởng thức cà phê thật nhanh và thật ngon.</p></br>\r\n<p>Văn hóa cà phê ở mỗi nước đều mang nét đặc trưng riêng biệt, thể hiện phong cách sống, thưởng thức và nghệ thuật pha chế cà phê của nước đó. Hãy thử một lần đến Ý để tự mình trải nghiệm hương vị đậm đà của những tách cà phê thuần chất, mang đậm màu sắc văn hóa đặc sắc của dân tộc, bạn nhé!</p></br>\r\n<div class=\"new-ft\">\r\n<p>(ST: Cà phê & văn hóa)</p>\r\n</div>\r\n</div>', '\r\nTừ lâu, nước Ý được mệnh danh là vùng đất sản sinh ra những thức uống từ cà phê tuyệt hảo, lừng danh thế giới. Mỗi tách cà phê của người Ý đều mang hương vị đậm đà, nét tinh tế và sức hút không thể chối từ. Cùng với dòng chảy thời gian, văn hóa cà phê Ý đã trở thành nét đặc trưng không thể thiếu của đất nước hình chiếc ủng xinh đẹp.\r\n', 'nghe-thuat-van-hoa-ca-phe.jpg', '2019-11-05 03:00:00', NULL),
(2, 'CÀ PHÊ XƯA VÀ NAY', '<div class=\"new-ct\">\r\n<h1 align=\"center\">CÀ PHÊ XƯA VÀ NAY</h1>\r\n<p>Từ thế kỷ thứ 9, thổ dân vùng cao nguyên Ethiopia đã tìm thấy và lần đầu tiên sử dụng cà phê, cách thức pha chế của họ cũng thật đơn giản: bỏ hạt cà phê lên một chảo sắt to, rang lên thật khô, sau đó được nghiền vụn bằng cách cho vào một cối vã giã. Sau đó lấy bã, trộn chung với đường nấu lên trong một ấm cổ có quai, đổ ra bát và thưởng thức.</p></br>\r\n<p>Điều đó cũng cho chúng ta thấy được, dù cách thức pha chế cà phê lúc xưa và cà phê hiện đại có khác nhau bởi công nghệ ngày càng phát triển và hiện đại hóa, nhưng cách thức pha chế cà phê có lẽ là hoàn toàn giống nhau: Cà phê ngậm trong nước cho đến khi được nấu chín, cho vị ngon và công cụ để chế biến cà phê cũng thật đơn giản: nước, lửa, một cái ấm, đồ lọc.</p></br>\r\n<p>Cà phê đến với Việt Nam trong cuộc thế chiến thứ 2 khi Pháp xâm lược nước ta, cà phê được phiên dịch từ tiếng Pháp: “Cafe”, cây cà phê được trồng rộng rãi trong các đồn điền của Việt Nam. Hiện nay, cây cà phê vẫn là một trong các mặt hàng nông sản quan trọng hàng đầu của Việt Nam.</p></br>\r\n<h1>Cà phê Việt  xưa và nay</h1>\r\n<p>Cà phê ở Việt Nam vào thời xưa chỉ có hai cách pha chế và thưởng thức cà phê: pha bằng vợt theo cách của người Hoa hoặc pha bằng phin theo cách của người Tây. Việt Nam thời xưa hay sử dụng cách của người Hoa, cà phê được ngâm trong một cái vợt trong ấm bằng sành và luôn được giữ nóng trên bếp than. Hiện nay nếu bạn để ý, các quán cà phê nhỏ gọn hay được người dân gọi là các quán cà phê cóc, kiểu pha cà phê này cũng được cải tiến đôi chút nhưng vẫn giữ được nét xưa, thay vì bếp than thì đã là bếp gas, cà phê bột được bọc trong nhiều lớp vải mùng và ngâm hẳn trong nước, chiếc ấm bằng sành ngày xưa đã được thay thế bằng những chiếc ấm nhôm có thể tích lớn, sau đó vớt vãi mùng vứt đi, cà phê có dễ dàng được hâm nóng với tốc độ nhanh chóng của bếp gas. Những quán đông khác thì chỉ cần thay cà phê trong vải mùng, châm thêm nước còn bếp gas thì không bao giờ tắt cả.</p></br>\r\n<h1>Cà phê “Kho” và cà phê phin</h1>\r\n<p>Khi mật độ dân số tăng nhanh, nhu cầu uống cà phê trở thành thói quen, ít phụ thuộc vào hương vị, cách pha cà phê như thế mỗi nơi gọi một khác, ở Đà Lạt người ta gọi là cà phê “Kho”, vì cảm giác chế biến cà phê không khác gì kho cà phê. Nhưng cũng đừng vì vậy mà các bạn nghĩ cà phê “Kho” lại kém đi phần hấp dẫn, xã hội càng phát triển, cà phê được pha trộn rất ngon, những quán cà phê cóc đông khách luôn có hương vị cà phê “Kho” riêng, những ly cà phê đầy bọt nhìn rất hấp dẫn và quan trọng nhất là “tiện và kinh tế”, hai yếu tố rất quan trọng. Vì vậy, cà phê “Kho” trở nên thịnh hành đối với những người làm việc công sở và dân lao động..</p></br>\r\n<div class=\"img-news\">\r\n<img src=\"../images/news/cafekho5_uzym.jpg\"/></br>\r\n<i>Cà phê \"Kho\" Việt - Ảnh vnexpress</i></br>\r\n</div>\r\n<h1>Cà phê – một phần không thể thiếu</h1>\r\n<p>Thời điểm hiện tại, rất nhiều cách pha chế mới, cà phê cappuccino, espresso, latte macchiato…được các quán cà phê sang trọng pha chế theo cách của phương Tây. Văn hóa cà phê của Việt Nam vì vậy cũng phát triển không ngừng, các quán cà phê hạng sang với nhiều chiêu thức pha chế cà phê độc đáo mọc lên, cách thức phục vụ cũng càng ngày được nâng cao, lịch sự trang nhã với rất nhiều mức giá: từ trung bình 5-7 ngàn một ly, 30-35 ngàn một ly, thậm chí có quán lên đến cả trăm ngàn. Các quán cà phê hiện diện khắp các phố phường, tỏa khắp các ngõ ngách và trở thành nét văn hoá quen thuộc.</p></br>\r\n<div class=\"img-news\">\r\n<img src=\"../images/news/71GHq5UVwWL._SL1500_.jpg\"/></br>\r\n<i>Cà phê \"Kho\" Việt - Ảnh vnexpress</i></br>\r\n</div>\r\n<p>Bên cạnh những cách pha chế cà phê truyền thống, cà phê pha máy cũng dần trở thành 1 xu hướng mới, hội nhập theo dòng chảy \"Văn hóa cà phê Việt\" vì tính tiện lợi và nhanh chóng của chúng. Hãy liên hệ với CAFE.NET.VN, để biết thêm thông tin những chiếc máy pha cà phê tiện ích này nhé !</p></br>\r\n<div class=\"new-ft\">\r\n<p>(ST: Cà phê & văn hóa)</p>\r\n</div>\r\n</div>', 'Cà phê đến với Việt Nam trong cuộc thế chiến thứ 2 khi Pháp xâm lược nước ta, cà phê được phiên dịch từ tiếng Pháp: “Café” , cây cà phê được trồng rộng rãi trong các đồn điền của Việt Nam. Hiện nay, cây cà phê vẫn là một trong các mặt hàng nông sản quan trọng hàng đầu của Việt Nam.', '190.jpg', '2019-11-05 03:00:00', NULL),
(3, 'CHUYÊN ĐỀ ESPRESSO - NGHỆ THUẬT PHA CÀ PHÊ MÁY DÀNH CHO QUÁN', '<div class=\"new-ct\">\r\n<h1 align=\"center\">CHUYÊN ĐỀ ESPRESSO - NGHỆ THUẬT PHA CÀ PHÊ MÁY DÀNH CHO QUÁN</h1></br>\r\n<p>Ngoài tách cà phê truyền thống, thì Espresso (Cà phê pha bằng máy) đang rất được người thưởng thức ưa chuộng. Ngày nay, \"Espresso đã trở nên phổ biến tới mức, nếu bạn chưa từng uống Espresso cũng tương đương với việc bạn chưa từng bước chân vào <b><i>\'Thế Giới Cà Phê\'</i></b>.\" Những quán cà phê theo phong cách <b><i>\"Espresso\"</i></b> đang tạo ra một <b><i>\"Guu cà phê\"</i></b> rất hút thực khách trong và ngoài nước...</p></br>\r\n<div class=\"img-news\">\r\n<img src=\"../images/news/ct-3(1).jpg\" /></br>\r\n<i> \"Espresso\" đang tạo ra \"Guu cà phê\"</i></br>\r\n</div>\r\n<h1>Espresso là gì?</h1></br>\r\n<p>Cà phê máy <i>(Espresso)</i> là loại cà phê thường được uống ở Ý và Tây Ban Nha, là những nơi mà người ta đây là cách pha đơn giản về cà phê. Espresso có nguồn gốc ở Ý từ những năm 1930, theo tiếng Ý espresso được gọi là espressivo - diễn tả một thức ăn uống được pha chế đặc biệt dành cho thực khách, bắt nguồn trong các quán bar.</p></br>\r\n<h1>Nguyên liệu để pha Espresso</h1></br>\r\n<p>Nguyên liệu pha cà phê espresso vẫn là các hạt cà phê dùng cho các loại cà phê khác <i>(thường sử dụng hạt cà phê Arabica)</i> nhưng hạt cà phê thường được ở mức độ vừa phải <i>(Medium)</i>. Qua cách pha dưới áp suất, axít tự nhiên của hạt cà phê bị hòa tan nhanh hơn các phương pháp pha chế thông thường rất nhiều vì vậy espresso thường có vị chua. Nghệ thuật rang cà phê chính là ở chỗ tìm được sự cân bằng giữa hàm lượng axít và hương thơm cho mỗi loại hạt cà phê hay từng loại pha trộn các hạt cà phê.</p></br>\r\n<div class=\"img-news\">\r\n<img src=\"../images/news/ct-3(2).jpg\" /></br>\r\n<i> \"Espresso\" Thường sử dụng hạt arabica</i></br>\r\n</div>\r\n<p>Thường loại cà phê Arabica có chất lượng cao được dùng làm cà phê espresso. Để cà phê espresso có crema nhiều và đặc hơn người ta pha trộn hạt cà phê Arabia với Robusta, loại này không có được hương thơm và vị đậm đà như Arabica. Những người trong giới sành điệu vẫn cãi nhau sôi nổi là 100% Arabica hay phương thức pha trộn 60% Arabica và 40% Robusta sẽ mang lại một ly cà phê espresso hoàn hảo.</p></br>\r\n<h1>Espresso pha bằng gì?</h1></br>\r\n<p>Để pha cà phê espresso ngon và có nhiều crema phải cần dùng đến một máy pha cà phê espresso. Trong máy này nước nóng 88°C đến 94°C được ép với áp suất ban đầu vào khoảng 9 bar qua bột cà phê được xay rất nhuyễn. Thời gian chảy qua phải là 25 giây. Nếu lượng nước phù hợp chảy qua nhanh hơn các hương vị không được hòa tan hết, nước chảy qua lớp bột cà phê quá chậm sẽ có quá nhiều chất đắng hòa tan theo.</p></br>\r\n<div class=\"img-news\">\r\n<img src=\"../images/news/ct-3(3).jpg\" /></br>\r\n<i>Sản phẩm pha máy espresso</i></br>\r\n</div>\r\n<p>Máy pha cà phê tự động chuyên dùng để pha chế cà phê espresso đen nguyên chất, cà phê capuchino và cà phê Latte. Máy sẽ pha một cách tự động hoàn toàn từ khâu xay cà phê hạt cho tới thành phẩm cuối cùng. Thật đơn giản, bạn chỉ cần làm đúng các thao tác bằng việc bấm vào các nút đã được mặc định sẵn cho từng loại cà phê, bạn sẽ có ngay một ly cà phê ngon sau 5 phút mà vẫn không mất đi hương vị riêng của cà phê. Dòng máy pha cà phê này phù hợp với đối tượng là quán cà phê quy mô nhỏ, nhà hàng, khách sạn,... </p></br>\r\n<div class=\"img-news\">\r\n<img src=\"../images/news/ct-3(4).jpg\" /></br>\r\n<i>Máy pha cà phê tự động Melita</i></br>\r\n</div>\r\n<p>Nếu bạn là một tổ chức hoặc công ty thì chiếc máy pha cà phê tự động sẽ là một trợ thủ đắc lực mà bạn không ngờ đấy. Hãy nghĩ xem, nhân viên sẽ không la cà ở các quán xá vào mỗi sáng mà sẽ đến thẳng công ty để được uống cà phê miễn phí. Như vậy, tình trạng trễ giờ nơi công sở sẽ được giảm. Là một chủ doanh nghiệp, bạn sẽ không muốn nhân viên làm việc trong trạng thái lơ mơ, thiếu tập trung phải không nào! Cà phê luôn là chất kích thích trí não được người Việt Nam ưa chuộng. Tất nhiên rồi, cà phê luôn có sẵn và nhân viên luôn tỉnh táo, công việc được hoàn thành xuất sắc. Bạn còn mong gì hơn thế? Nhưng, bạn sẽ lựa chọn loại máy pha cà phê tự động nào để vừa tiết kiệm chi phí hàng tháng, vừa cho ra những li cà phê thơm ngon? Chúng tôi khuyên bạn nên sử dụng loại máy pha cà phê Melita với nhiều cải tiến về công nghệ để cho ra chất lượng ly cà phê tốt nhất. Ngoài khả năng pha được espresso như các dòng máy khác trên thị trường, dòng máy Melitta còn có hệ thống Cappuccino với vòi đánh sữa tự động để tạo bọt sữa cho 1 ly cappuccino hoàn hảo giữ được hương thơm, vị đậm đà và trên hết là có thể pha được lượng cà phê rất lớn trong thời gian ngắn.</p></br>\r\n<p>Các sản phẩm của Melitta dễ sử dụng, được người tiêu dùng tin tưởng và làm hài lòng cả những khách hàng khó tính nhất. Bạn có thể pha chế espresso, cappuccino chỉ với một thao tác bấm nút và sau đó thưởng thức những ly cà phê nóng hổi chỉ sau vài giây với máy pha cà phê Melitta.</p></br>\r\n<div class=\"new-ft\">\r\n<p>(ST: Cà phê & văn hóa)</p>\r\n</div>\r\n</div>', 'Ngoài tách cà phê truyền thống, thì Espresso (Cà phê pha bằng máy) đang rất được người thưởng thức ưa chuộng. Ngày nay, \"Espresso đã trở nên phổ biến tới mức, nếu bạn chưa từng uống Espresso cũng tương đương với việc bạn chưa từng bước chân vào \'Thế Giới Cà Phê\'.\" Những quán cà phê theo phong cách \"Espresso\" đang tạo ra một \"Guu cà phê\" rất hút thực khách trong và ngoài nước...', 'img-news(3).jpg', '2019-11-05 03:00:00', NULL),
(4, 'CHIẾC MÁY CÀ PHÊ RA ĐỜI THẾ NÀO NHỈ?', '<div class=\"new-ct\">\r\n<h1 align=\"center\">CHIẾC MÁY CÀ PHÊ RA ĐỜI NHƯ THẾ NÀO NHỈ?</h1></br>\r\n<p>Đi theo thời gian, văn hóa cà phê trãi qua thời gian rất lâu gắn liền với đời sống con người. Chính vì nhu cầu thưởng thức cà phê mà những chiếc máy pha cà phê đã ra đời đáp ứng nhu cầu cuộc sống con người ngày nay. Tuy được pha bằng máy pha nhưng cà phê vẫn đảm bảo được hương vị của một ly cà phê truyền thống.</p></br>\r\n<p>Ngày nay, nhờ vào sự phát triển công nghệ cũng như sự phát triển của văn hóa thưởng thức cà phê, chúng ta có thể thấy vô vàn những dụng cụ phục vụ việc pha chế cà phê từ những dụng cụ thủ công cho tới những chiếc máy đắt tiền, từ những dụng cụ đơn giản cho tới những công cụ tích hợp nhiều tính năng tự động, đa dạng về mẫu mã, thiết kế, màu sắc, xuất xứ… Tuy nhiên, chúng ta không thể không quên nhắc tới những sản phẩm đã đặt viên gạch nền móng cho sự phát triển ngày hôm nay. Có bao giờ bạn tự hỏi những chiếc máy, dụng cụ pha cà phê đầu tiên xuất hiện trên thế giới như thế nào chưa? Hãy cùng chúng tôi tìm hiểu nhé.</p></br>\r\n<div class=\"img-news\">\r\n<img src=\"../images/news/ct-4(1).jpg\" /></br>\r\n<i> Máy pha cà phê Breville 980</i></br>\r\n</div>\r\n<p><b>Máy pha cà phê</b> đầu tiên được chế tạo bởi Mr. Laurens tại Paris, Pháp. Chiếc máy của Laurens là máy pha cà phê dạng bình lọc. Chiếc máy lọc này bao gồm một bình kim loại với một khoang đốt ở dưới, sau đó đặt trên nguồn nhiệt. Một ống thẳng đứng được nối từ khoang đốt tới hệ thống đầu lọc bên trên. Nước sau khi được đun nóng sẽ dâng lên theo ống dẫn, hòa vào cà phê và chiết xuất cà phê. Cơ chế hoạt động cũng như cấu tạo khá đơn giản.</p></br>\r\n<p>Đến năm 1853, James Napire - một kỹ sư người Anh đã chế tạo ra <b>dụng cụ pha chế khác</b> tên gọi Syphon. Nguyên lý cơ bản của Syphon thời kỳ này dựa trên nguyên lý thẩm thấu ngược và sử dụng môi trường chân không để chiết xuất hoàn toàn hương vị của cà phê, chuyển những nguyên vật liệu thô sơ ban đầu trở thành một thứ đồ uống thơm ngon đậm đà.</p></br>\r\n<p><b>Đến năm 1908</b>, dụng cụ lọc cà phê được phát minh bởi Melitta Bentz, một người phụ nữ nội trợ tại Đức. Bà đã tìm ra cách để pha cà phê mà không bị đắng như những dụng cụ pha chế tạo ra cùng thời điểm đó. Bà thử nghiệm việc rót nước nóng lên cafe được đặt trên những loại giấy khác nhau. Cuồi cùng, bà phát hiện ra rằng giấy thấm có hiệu quả nhất và hệ thống lọc được sinh ra từ đó. Tháng mười hai năm đó, Melitta và chồng bà là Hugo thành lập nên công ty Melitta Bentz, sản lượng bộ lọc cà phê mà họ bán được trong năm sau là 1200 bộ. Melitta Bentz được cấp bằng sáng chế túi lọc vào năm 1937 và cũng được cấp bằng sáng chế cho phát minh máy đóng gói chân không vào năm 1962.</p></br>\r\n<div class=\"img-news\">\r\n<img src=\"../images/news/ct-4(2).jpg\" /></br>\r\n<i>Máy Pha Cà Phê Espresso Kahchan EP9139</i></br>\r\n</div>\r\n<p>Máy pha Espresso, lần đầu tiên được phát minh vào năm 1822 bởi một người Pháp tên là Louis Bernard Rabaut. Máy pha cà phê Espresso của ông sử dụng áp lực cao của nước nóng thông qua bề mặt của cà phê để chiết xuất cà phê, đó cũng là nguyên lý cơ bản nhất cho những máy pha Espresso hiện đại sau này.</p></br>\r\n<p>Chiếc máy pha Espresso tự động đầu tiên được Tiến sĩ Ernest Illy phát minh ra vào năm 1833. Máy pha Espresso hiện đại ngày nay được phát minh bởi Achilles Gaggia vào năm 1946, ông đã nộp bằng sáng chế trước đó vào ngày 05 tháng 09 năm 1938. Quá trình phát triển của ông bị gián đoạn bởi thế chiến thứ hai, ngay sau khi chiến tranh kết túc Achilles Gaggia đã thành lập một công ty riêng và hiện nay công ty này vẫn đang sản xuất về máy pha Espresso cung cấp cho thị trường thế giới.</p></br>\r\n<p><b>Đến năm 1901, ở Ý mới xuất hiện chiếc máy pha cà phê đầu tiên</b>, chiếc máy được thiết kế và chế tạo bởi kỹ sư Luigi Bezzera khi đăng kí sáng chế tại Milan. Máy được thiết kế nguyên khối và làm hoàn toàn từ đồng thau, có thể nói chiếc máy thực sự gây ấn tượng mạnh tại thời điểm nó xuất hiện. Chiếc máy được thiết kế bởi Bezzera đã trở thành tiêu chuẩn trong nhiều thập kỷ, hiện tại nó vẫn đang được các công ty nổi tiếng ứng dụng rộng rãi công nghệ trong việc chế tạo ra các máy pha truyền thống.</p></br>\r\n<p>Những chiếc máy này tuy đơn giản và có phần thủ công nhưng những nguyên lý hoạt động cơ bản của chúng cũng được áp dụng rất nhiều vào việc chế tạo, sản xuất máy pha cà phê hiện đại. Hiện nay, có rất nhiều dòng máy pha cà phê từ các thương hiệu nổi tiếng mang lại cho người dùng nhiều sự trải nghiệm khác nhau, còn bạn đã có lựa chọn nào cho quán chưa. Nếu chưa hãy cùng trãi nghiệm nhé!</p></br>\r\n<div class=\"new-ft\">\r\n<p>(ST: Cà phê & văn hóa)</p>\r\n</div>\r\n</div>', 'Đi theo thời gian, văn hóa cà phê trãi qua thời gian rất lâu gắn liền với đời sống con người. Chính vì nhu cầu thưởng thức cà phê mà những chiếc máy pha cà phê đã ra đời đáp ứng nhu cầu cuộc sống con người ngày nay. Tuy được pha bằng máy pha nhưng cà phê vẫn đảm bảo được hương vị của một ly cà phê truyền thống.\r\n', 'img-news(4).jpg', '2019-11-05 03:00:00', NULL),
(5, 'CÀ PHÊ LOẠI NÀO NGON NHẤT ?', '<div class=\"new-ct\">\r\n<h1 align=\"center\">LOẠI CÀ PHÊ NÀO NGON NHẤT?</h1></br>\r\n<p>Khó có một loại cà phê nào được xác định là ngon nhất mà chỉ có cái “gu” uống cà phê của chính chúng ta quyết định loại nào mang lại cho chúng ta nhiều cảm hứng nhất. Sự quyết định “gu” uống cà phê của người dùng do 3 yếu tố quyết định: thời tiết, địa lý và lịch sử của vùng miền đó.</p></br>\r\n<p>Chúng ta biết rằng có khoảng 80% chủng loại cà phê trên thế giới là loại Arabica được trồng nhiều ở các nước Nam – Trung Mỹ như Brazil, Colombia, Mexico, một số nước Châu Phi…và khoảng 20% là loại Robusta được trồng nhiều nhất tại Việt Nam, Indonesia và Ấn Độ.</p></br>\r\n<div class=\"img-news\">\r\n<img src=\"../images/news/ct-5(1).jpg\" /></br>\r\n<i> Cà phê tinh hoa của nhân loại</i></br>\r\n</div>\r\n<p>Do vị trí địa lý và điều kiện thổ nhưỡng, thời tiết nên loại cà phê Arabica có hương thơm, vị nhạt hơn, hàm lượng cafein ít hơn. Tại các nước có văn hóa uống cà phê và tiêu dùng đầu tiên là xứ lạnh nên loại cà phê này rất thích hợp uống nóng, hương thơm của loại arabica sẽ mất đi rất nhiều nếu chúng ta bỏ đá vào – từ đó dần đà hình thành các phương thức pha chế cà phê nhưng có một đặc điểm chung là dùng cho uống nóng. </p></br>\r\n<p>Đối với những nước trồng phần lớn là cà phê Robusta thì hầu hết nằm trong vùng có thời tiết nóng, loại cà phê này có vị đậm, hàm lượng cafein cao hơn nhưng ít hương thơm hơn dễ hình thành thói quen uống cà phê có đá. Loại cà phê Robusta hiện nay phần lớn được dùng để chế biến cà phê hòa tan và phối trộn một phần vào loại Arabica để đáp ứng nhu cầu đa dạng của khách dùng vừa thích có hương thơm nhưng cũng thích vị thật đậm đà.</p></br>\r\n<div class=\"img-news\">\r\n<img src=\"../images/news/ct-5(2).jpg\" /></br>\r\n<i> Cà phê arabica robusta</i></br>\r\n</div>\r\n<p>Thực tế, người có thói quen uống cà phê Arabica sẽ rất sốc khi uống cà phê Robusta vì hàm lượng nguyên chất, họ sẽ nói rằng cà phê gì mà chẳng thơm, vị thì đắng kinh khủng, uống vào ngây ngất bỏ cơm cả ngày. Ngay cả những người ghiền cà phê Robusta cũng khó mà uống 2-3 tách mỗi ngày, phần lớn chỉ cần một ly buổi sáng.</p></br>\r\n<p>Ngược lại nếu chúng ta mời một người có thói quen uống cà phê Robusta một tách cà phê Arabica loại hảo hạng chăng nữa thì họ cũng sẽ vì lịch sự mà nhấm nháp ti tí và nhủ thầm trong bụng: cà phê gì nhạt phèo, chua như giấm, họ không biết và cũng không quan tâm rằng vị chua của cà phê Arabica là một trong những phẩm chất quan trọng để đánh giá chất lượng loại cà phê này.</p></br>\r\n<div class=\"img-news\">\r\n<img src=\"../images/news/ct-5(3).jpg\" /></br>\r\n<i>Một kiểu pha cà phê khá cầu kỳ và quý phái của Châu Âu – Balance Siphon</i></br>\r\n</div>\r\n<p>Cũng do điều kiện lịch sử hay có khi vì cả ba yếu tố nêu trên mà chúng ta “bị thưởng thức” thêm một loại cà phê ngoài hai loại vừa kể đó là “cà phê đểu”, “cà phê bẩn” có tên khoa học là “Balacafe”. Người uống cà phê loại này lâu ngày sẽ không chấp nhận cả hai loại nêu trên, bởi cà phê đểu có cái hay là nó hội đủ các “phẩm chất” cơ bản của cả hai loại cà phê thiên nhiên cộng lại nhờ công nghệ hóa chất. Hiện loại cà phê “Balacafe” này cũng chiếm tỷ lệ tiêu thụ trong nước ta khoảng 80%.</p></br>\r\n<p>Cách pha cà phê cũng đóng góp thêm phần phức tạp vào gu uống cà phê. Người có thói quen uống theo kiểu Espresso trong bình Moka Pot hay máy pha cho rằng cách pha của họ chiết xuất hết tất cả tính chất của cà phê, do đó sẽ có vị đậm đà và hương thơm trong từng ngụm, họ nhìn người uống pha theo kiểu Drip của Nhật Bản sao mà nhạt nhẽo thế, một ly to tướng, trong khi người Nhật cho rằng họ đang thưởng thức cà phê ngay khi đang pha, chứ không chờ đến khi uống, tất cả hương thơm của cà phê sẽ theo từng giọt từ giấy lọc lan tỏa ra không chỉ cho mình mà cả cho người chung quanh.</p></br>\r\n<p>Thực ra, chuyện cà phê nào ngon nhất là không thể xác định, có khi cùng uống một tách cà phê loại A như nhau nhưng hoàn cảnh uống trong buổi đầu hò hẹn với người mình yêu thì tách cà phê đó khiến ta nhớ suốt đời, cũng cùng loại cà phê đó nhưng uống trong hoàn cảnh hai vợ chồng ngồi chia tài sản và phân định ai sẽ là người nuôi con thì vị của ly cà phê đó sẽ khiến cho ta thấy đắng ngắt cả một đời. </p></br>\r\n<div class=\"new-ft\">\r\n<p>(ST: Cà phê & văn hóa)</p>\r\n</div>\r\n</div>', 'Khó có một loại cà phê nào được xác định là ngon nhất mà chỉ có cái “gu” uống cà phê của chính chúng ta quyết định loại nào mang lại cho chúng ta nhiều cảm hứng nhất. Sự quyết định “gu” uống cà phê của người dùng do 3 yếu tố quyết định: thời tiết, địa lý và lịch sử của vùng miền đó.', 'img-news(5).jpg', '2019-11-05 03:00:00', NULL),
(6, 'NGUYÊN TẮC 5 \"MS\" TRONG VIỆC PHA CÀ PHÊ', '<div class=\"new-ct\">\r\n<h1 align=\"center\">NGUYÊN TẮC 5 \"MS\" TRONG VIỆC PHA CHẾ CÀ PHÊ</h1></br>\r\n<p>Để có được một tách cà phê hoàn hảo, một barista chuyên nghiệp không thể bỏ qua nguyên tắc 5 \"Ms\" sau đây. </p></br>\r\n<p>1- MISCELA (CÀ PHÊ): lựa chọn cà phê tốt là chìa khóa cho việc pha chế cà phê tốt.</p></br>\r\n  <p>\r\n     Cà phê phải được rang và pha trộn hợp lý để có được mùi thơm, vị cân bằng và hậu vị.\r\n     Cà phê phải sạch, không có các chất phụ gia gây hại cho máy móc và sức khỏe người sử dụng.\r\n     Cà phê cũng phải được đóng gói chuyên nghiệp để giữ được hương vị tốt nhất.\r\n  </p></br>\r\n<div class=\"img-news\">\r\n<img src=\"../images/news/ct-6(1).jpg\" /></br>\r\n</div>\r\n<p>2 - MANO (NGƯỜI PHA CHẾ): cà phê được pha chế qua bàn tay của barista.</p></br>\r\n<p>Người pha chế phải điều chỉnh độ mịn cà phê phù hợp, lấy đủ lượng cà phê, nén đủ lực, quan sát dòng chảy của cà phê để đảm bảo ly cà phê pha ra thật tốt, nếu không sẽ phải pha lại trước khi mời khách.</p></br>\r\n<div class=\"img-news\">\r\n<img src=\"../images/news/ct-6(2).jpg\" /></br>\r\n</div>\r\n<p>3 - MACCHINA (MÁY PHA CÀ PHÊ): Máy pha cà phê tốt với nhiệt độ và điện năng ổn định sẽ góp phần cho ra ly cà phê tốt.</p></br>\r\n <p>\r\n     Máy cần được kết nối với nguồn điện ổn định và nối đất để đảm bảo an toàn trong quá trình sử dụng.\r\n     Nước nên được đấu trực tiếp với nguồn để đảm bảo trong nồi hơi luôn có nước, tránh sự hỏng hóc không đáng có \r\n     cho bơm và các bộ phận đun nóng. Nước trước khi vào máy nên được thông qua bộ phận lọc nước, tránh hình thành \r\n     mảng bám canxi trong nồi hơi và các đường ống dẫn nước.\r\n     Máy phải được lắp đặt ở nơi an toàn và phù hợp, tránh nước và phải thông thoáng, thuận tiện để barista thao \r\n     tác.\r\n     Luôn giữ tay làm cà phê sạch và sẵn sàng ở họng làm cà phê, để đảm bảo luôn có nhiệt độ tốt nhất cho việc pha \r\n     chế \r\n   </p></br>\r\n<div class=\"img-news\">\r\n<img src=\"../images/news/ct-6(3).jpg\" /></br>\r\n</div>\r\n<p>4 - MACININO (MÁY XAY CÀ PHÊ)</p></br>\r\n <p>\r\n     Máy xay cà phê tốt giúp xay cà phê mịn đều mà không làm cháy cà phê.\r\n     Máy xay cà phê cần được kết nối với nguồn điện ổn định có tiếp đất, gần máy pha cà phê để barista thao tác thuận tiện.\r\n </p></br>\r\n<div class=\"img-news\">\r\n<img src=\"../images/news/ct-6(4).jpg\" /></br>\r\n</div>\r\n <p>\r\n     Barista cần kiểm tra và điều chỉnh độ mịn cà phê ít nhất một tuần một lần để đảm bảo độ mịn phù hợp nhất.\r\n     Không nên để máy xay hoạt động quá lâu, nếu không sẽ làm cháy cà phê và cháy máy. Nếu xay lượng cà phê lớn thì cứ vài \r\n     phút để cho máy nghỉ.\r\n     Cần phải giữ máy xay cà phê sạch sẽ và khô ráo. Hàng tuần vệ sinh hộp đựng hạt cà phê để tránh bị bám dầu.\r\n </p></br>\r\n<p>5 - MANUTENZIONE (VỆ SINH & BẢO TRÌ MÁY HÀNG NGÀY)</p></br>\r\n <p>\r\n    Việc vệ sinh và bảo trì máy hàng ngày là công việc rất cần thiết của barista để đảm bảo máy hoạt động tốt và tránh những \r\n    hỏng hóc không đáng có.\r\n    Sau mỗi lần pha chế, barista cần vệ sinh họng làm cà phê bằng cách xả nước nóng và vệ sinh cần đánh sữa bằng xả hơi và \r\n    lau cần bằng khăn sạch.\r\n </p></br>\r\n<div class=\"img-news\">\r\n<img src=\"../images/news/ct-6(5).jpg\" /></br>\r\n</div>\r\n <p>\r\n    Hàng ngày barista cần vệ sinh họng làm cà phê bằng chổi chuyên dụng, sau đó bằng bột vệ sinh và phin điếc. Tay làm cà \r\n    phê cũng cần được vệ sinh cẩn thận để loại bỏ các cặn bám cà phê cũ.\r\n    Hàng tuần: Ngâm qua đêm tay làm cà phê và cần đánh sữa với nước ấm được pha với bột vệ sinh máy. Ngày hôm sau xả kỹ lại \r\n    bằng nước sạch.\r\n    Hàng tháng: Ngâm qua đêm lưới lọc bên trong họng làm cà phê với nước ấm được pha với bột vệ sinh máy. Ngày hôm sau xả kỹ \r\n    lại bằng nước sạch. \r\n    Hi vọng chuyên mục Cà phê & Văn hóa cung cấp cho các bạn nhiều thông tin bổ ích!\r\n </p></br>\r\n<div class=\"new-ft\">\r\n<p>(ST: Cà phê & văn hóa)</p>\r\n</div>\r\n\r\n</div>', 'Để có được một tách cà phê hoàn hảo, một barista chuyên nghiệp không thể bỏ qua nguyên tắc 5 \"Ms\" sau đây.  1- MISCELA (CÀ PHÊ):  2 - MANO (NGƯỜI PHA CHẾ):  3 - MACCHINA (MÁY PHA CÀ PHÊ):  4 - MACININO (MÁY XAY CÀ PHÊ):  5 - MANUTENZIONE (VỆ SINH & BẢO TRÌ MÁY HÀNG NGÀY): \r\n', 'img-news(6).jpg', '2019-11-05 03:00:00', NULL),
(7, 'ĐẸP VÀ THÔNG MINH HƠN NHỜ CÀ PHÊ', '<div class=\"new-ct\">\r\n<h1 align=\"center\">XINH ĐẸP VÀ THÔNG MINH HƠN NHỜ CÀ PHÊ</h1></br>\r\n<p>Mỗi tách cà phê đen nguyên vị chỉ cung cấp 2 calo, chúng sẽ đem đến cho bạn năng lượng vừa đủ để lấy lại tinh thần mà không phải vất vả tập thể dục để đốt cháy lượng calo dư thừa như khi uống các loại nước giải khát khác. Bên cạnh đó trong cà phê còn bao hàm các chất chống oxy hóa sẽ giúp tâm trạng người thưởng thức phấn chấn hơn và tăng khả năng tập trung học tâp, làm việc.</p></br>\r\n<p>Ngoài các tác dụng “đốt cháy năng lượng thừa & bổ sung chất chống oxy hóa” kể trên, theo tạp chí khoa học Discovery cà phê còn mang lại nhiều lợi ích khác:</p></br>\r\n<p><i>Đối với phái đẹp, cà phê sẽ khiến bạn thông minh hơn:</i> Cà phê kích thích và tăng khả năng trí tuệ ở phụ nữ và điều này chỉ may mắn có ở phụ nữ khi uống cà phê mà lại không dành cho đàn ông. Cà phê giúp tăng cường hoạt động của não bộ, tăng năng suất làm việc, tác động tích cực đến khả năng đưa ra quyết định, củng cố trí nhớ.</p></br>\r\n<div class=\"img-news\">\r\n<img src=\"../images/news/ct-7(1).jpg\" /></br>\r\n</div>\r\n<p><i>Cà phê còn giúp phái đẹp có thân hình thon gọn hơn:</i> Trước khi bắt đầu bài tập thể dục khởi đầu ngày mới, hãy uống một tách cà phê. Việc này sẽ giúp cơ thể bạn  duy trì hoạt động tập luyện trong một thời gian dài, hỗ trợ hệ tim mạch hoạt động hiệu quả, đốt được nhiều calo hơn, vì thế phái đẹp sẽ giảm được nhiều cân hơn. Hơn nữa, các nhà nghiên cứu cũng phát hiện, cà phê còn kéo dài tác dụng đến sau khi bài tập thể dục kết thúc, cụ thể là nó làm giảm sự đau cơ do hoạt động thể thao gây ra.</p></br>\r\n<div class=\"img-news\">\r\n<img src=\"../images/news/ct-7(2).jpg\" /></br>\r\n</div>\r\n<p>Các nghiên cứu và thống kê cho thấy những người thường xuyên uống cà phê có ít nguy cơ tử vong vì các bệnh tim mạch. Điều này là nhờ cà phê có khả năng bảo vệ hệ tim mạch. Tuy nhiên, để đạt được tối đa lợi ích này từ cà phê (giảm 36% nguy cơ mắc bệnh), bạn cần uống hơn 6 tách mỗi ngày (pha loãng), còn nếu chỉ uống từ 2 - 4 tách mỗi ngày thì nguy cơ chỉ giảm 20%.</p></br>\r\n<p>Tuy nhiên, đối với những bạn mắc chứng phình mạch hãy cẩn thận vì theo một nghiên cứu của tạp chí Y khoa Stroke, dùng cà phê khi tức giận hoặc bị giật mình, đều có thể dẫn đến tình trạng phình động mạch não ở những người đã có tiền sử mắc căn bệnh này. Vì vậy, nếu bạn mắc chứng bệnh này, hãy tránh xa cà phê và các thức uống có chứa cafein.</p></br>\r\n<div class=\"new-ft\">\r\n<p>(ST: Cà phê & sức khỏe)</p></br>\r\n</div>\r\n</div>\r\n\r\n', 'Cà phê ngoài tác dụng giúp cho tinh thần sảng khoái, các nhà khoa học đã chứng minh được sẽ tốt cho sức khỏe, điều mà phần đông trong chúng ta vẫn chưa tuyệt đối tin vào lợi ích của cà phê mang lại.  \r\n', 'ct-7(1).jpg', '2019-11-06 03:00:00', NULL),
(8, 'NHỮNG LỢI ÍCH THẦN THÁNH CỦA BÃ CÀ PHÊ SẼ LÀM BẠN NGẠC NHIÊN', '<div class=\"new-ct\"> \r\n<h1 align=\"center\">LỢI ÍCH THẦN KỲ MÀ BÃ CÀ PHÊ MANG LẠI</h1></br>\r\n<h1>Khử mùi trong tủ lạnh</h1></br>\r\n<p>Bạn chỉ cần đặt chén nhỏ đựng bã cà phê và để trong tủ lạnh qua đêm. Các thành phần trong bã cà phê sẽ hấp thụ tất cả mùi hôi, khó chịu trong tủ lạnh, giúp bạn bảo quản thực phẩm tốt hơn. Để tủ lạnh nhà bạn luôn trong trạng thái mát trong, hãy làm việc này vài tuần một lần để đạt được hiệu quả tốt nhất. Bạn cũng có thể để bã cà phê trong tủ lạnh qua nhiều ngày để khử mùi tanh, nặng mùi của thịt, cá... Hơn thế nữa, nếu bàn tay bạn bị bám mùi thực phẩm của cá hay tỏi trong quá trình chế biến, lúc này bạn chỉ cần xoa tay với một nắm bã cà phê và rửa lại bằng xà phòng sẽ giúp bạn khử được mùi nhanh chóng.</p></br>\r\n<div class=\"img-news\">\r\n<img src=\"../images/news/ct-8(1).jpg\" /></br>\r\n</div>\r\n<h1>Khử mùi giày dép</h1></br>\r\n<p>Tương tự như việc khử mùi trong tủ lạnh, bạn hãy đổ một ít bã cà phê đã để khô vào vớ hoặc giày dép. Qua một đêm cà phê sẽ hút hết mùi hôi khó chịu. Điều này cũng có thể áp dụng với kệ dép kín, túi thể thao, ngăn kéo, xe hơi hoặc bất cứ nơi nào bạn muốn khử mùi hôi. Nếu muốn thoát khỏi mùi hôi chân, có thể rửa chân bằng nước có thêm bã cà phê mỗi ngày.</p></br>\r\n<div class=\"img-news\">\r\n<img src=\"../images/news/ct-8(2).png\" /></br>\r\n</div>\r\n<h1>Bón phân cây trồng bằng bã cà phê</h1></br>\r\n<p>Ngoài khả năng khử mùi, bã cà phê còn có công dụng làm phân bón tuyệt vời cho cây trông vì trong nó có chứa đạm, magie và kali, loại phân bón bã cà phê này đặc biệt thích hợp với các loại cây ở môi trường đất trồng cần axit như hoa hồng, hoa đỗ quyên, khoai lang, khoai tây, cà rốt, bắp cải, hành tây, nha đam, … Tuy nhiên vì lượng acid trong cà phê không quá cao nên bã cà phê còn có thể sử dụng cho hầu hết các loại cây khác vì đa phần acid đã được chiết xuất hết sau khi pha cà phê. Vì vậy bạn hãy tận dụng và giữ lại bã cà phê để chăm sóc cho khu vườn hay đất trồng nhà mình nhé!</p></br>\r\n<div class=\"img-news\">\r\n<img src=\"../images/news/ct-8(3).jpg\" /></br>\r\n</div>\r\n<h1>Làm cho mái tóc thêm bóng mượt</h1></br>\r\n<p>Mái tóc của bạn đang hư hại, đừng lo lắng, bã cà phê sẽ là một phương pháp với nguyên liệu thuần tính  thiên nhiên giúp tóc hư tổn phục hồi cực hiệu quả. Bạn chỉ xát bã cà phê lên tóc ướt và xoa bóp đều trong vài phút, sau đó xả sạch với nước.</p></br>\r\n<div class=\"img-news\">\r\n<img src=\"../images/news/ct-8(4).jpg\" /></br>\r\n</div>\r\n<h1>Trị thâm quầng mắt</h1></br>\r\n<p>Muốn tìm lại vẻ đẹp cho cửa sổ tâm hồn để tự tin với nhan sắc của mình bạn có thể sử dụng bã cà phê để trị thâm quầng mắt. Bạn dùng bã cà phê vẫn còn ẩm cho vào một chiếc gạc sạch để đắp mặt nạ cho quầng mắt từ 10 – 15 phút vào buối sang sau khi thức dậy, các vết thâm đen quang vùng mắt sẽ hoàn toàn biến mất không còn dấu vết. Tuy nhiên công dụng trị liệu của bã cà phê chỉ là giải pháp tạm thời, quầng thâm sẽ trở lại nếu bạn không có chế độ ăn nghỉ khoa học.</p></br>\r\n<div class=\"img-news\">\r\n<img src=\"../images/news/ct-8(5).jpg\" /></br>\r\n</div>\r\n<h1>Giúp làn da sáng trắng</h1></br>\r\n<p>Ngoài tác dụng tẩy tế bào chết, các thành phần dinh dưỡng, vitamin, khoáng chất, bã cà phê còn nuôi dưỡng da khỏe mạnh, kích thích sản sinh tế bào mới và cải thiện sắc tố da giúp làn da trở nên trắng hồng rạng sáng. Chính vì vậy, phái đẹp hãy tận dụng công dụng của bã cà phê để giúp mình sở hữu làn da đẹp mơ ước.</p></br>\r\n<div class=\"img-news\">\r\n<img src=\"../images/news/ct-8(6).jpg\" /></br>\r\n</div>\r\n<h1>Bã cà phê làm sáng bóng ly tách</h1></br>\r\n<p>Ngoài những công dụng tuyệt vời trên, bã cà phê sẽ giúp làm đồ vật bằng thủy tinh nhà bạn thêm phần sáng bóng. Đơn giản, bạn chỉ cần trộn bã cà phê chung với nước rửa chén để rửa ly tách, các vết ố vàng bám chặt trên thành ly sẽ được đánh bay tức thì, trả lại cho bạn bộ ly tách sáng bóng như mới.</p></br>\r\n<div class=\"img-news\">\r\n<img src=\"../images/news/ct-8(7).jpg\" /></br>\r\n</div>\r\n<div class=\"new-ft\">\r\n<p>(ST: Cà phê & sức khỏe)</p></br>\r\n</div>\r\n</div>', 'Bã cà phê thông thường là thứ chúng ta hay đổ đi vì cho rằng nó không còn giá trị sử dụng, thế nhưng bạn có biết chúng hoàn toàn hữu ích và có những công dụng tuyệt vời trong đời sống thường thức như: khử mùi hôi, làm phân bón cho cây thậm chí giúp làm đẹp da hiệu quả…  ', 'img-news(8).jpg', '2019-11-06 03:00:00', NULL),
(9, '9 ĐIỀU CHỈ NGƯỜI CỰC SÀNH CÀ PHÊ MỚI BIẾT', '<div class=\"new-ct\">\r\n<h1>1- Không có loại cà phê mạnh hay nhẹ:</h1><p> Không thể đánh giá sức mạnh của cà phê. Cà phê được đánh giá bởi nhiều thông số khác nhau.</p></br>\r\n<div class=\"img-news\">\r\n<img src=\"../images/news/ct-9(1).jpg\" /></br>\r\n</div>\r\n<h1>2- Thời điểm thích hợp nhất để uống cà phê:</h1><p> Nếu bạn uống cà phê để cảm thấy sảng khoái, bạn cần chọn đúng thời điểm. Tốt hơn là hãy uống cà phê sau khi bạn cảm thấy mệt mỏi.</p></br>\r\n<div class=\"img-news\">\r\n<img src=\"../images/news/ct-9(2).jpg\" /></br>\r\n</div>\r\n<h1>3- Tương tác với thuốc:</h1><p> Các nhà khoa học Đức phát hiện ra rằng sự tương tác giữa caffeine và thuốc giảm đau làm tăng tác dụng của chúng.</p></br>\r\n<div class=\"img-news\">\r\n<img src=\"../images/news/ct-9(3).jpg\" /></br>\r\n</div>\r\n<h1>4- Thời hạn phát huy hiệu lực:</h1><p> Nếu bạn uống một tách cà phê lúc 9 giờ sáng, trước 1 giờ chiều, sẽ chỉ còn lại 100 mg cà phê trong cơ thể bạn. Nhưng nếu bạn uống sau 3 giờ chiều, cà phê có thể phát huy tác dụng đến tận đêm.</p></br>\r\n<div class=\"img-news\">\r\n<img src=\"../images/news/ct-9(4).jpg\" /></br>\r\n</div>\r\n<h1>5- Cà phê xay sống trong 15 phút:</h1><p> Nếu bạn xay hạt cà phê tươi, hãy cố gắng uống nó trong vòng 15 phút. Sau thời gian này, nó mất hương vị, thay đổi mùi vị.</p></br>\r\n<div class=\"img-news\">\r\n<img src=\"../images/news/ct-9(5).jpg\" /></br>\r\n</div>\r\n<h1>6- Cà phê được sản xuất như thế nào:</h1><p> Để sản xuất 0,9kg cà phê, bạn cần thu hoạch 2 cây. Một cây cà phê mọc trong khoảng 3 năm trước khi bạn có thể thu hoạch nó.</p></br>\r\n<div class=\"img-news\">\r\n<img src=\"../images/news/ct-9(6).jpg\" /></br>\r\n</div>\r\n<h1>7- Cà phê ảnh hưởng đến kết luyện quả tập thể thao:</h1><p> Caffeine làm tăng nồng độ adrenaline trong cơ thể và giải phóng các axit béo từ mô mỡ dẫn đến kết quả tốt nhất ở những người uống cà phê trước khi tập luyện hoặc làm việc.</p></br>\r\n<div class=\"img-news\">\r\n<img src=\"../images/news/ct-9(7).jpg\" /></br>\r\n</div>\r\n<h1>8- Cà phê được sử dụng để ăn:</h1><p> Người châu Phi từng trộn mỡ động vật với quả cà phê xay để làm một loại bột nhão. Họ nặn bột này thành quả bóng nhỏ và ăn nó để lấy năng lượng.</p></br>\r\n<div class=\"img-news\">\r\n<img src=\"../images/news/ct-9(8).jpg\" /></br>\r\n</div>\r\n<h1>9- Pha cà phê:</h1><p> Nhiều người nghĩ rằng hương vị cà phê càng đậm và màu càng đậm thì càng chứa nhiều caffein. Tuy nhiên, thực tế màu cà phê không ảnh hưởng đến lượng caffein trong đó.</p></br>\r\n<div class=\"img-news\">\r\n<img src=\"../images/news/ct-9(9).jpg\" /></br>\r\n</div>\r\n<div class=\"new-ft\">\r\n<p>(ST: Cà phê & Sức Khỏe)</p>\r\n</div>', 'Theo trang tin Brightside nghiên cứu cà phê là một trong những thức uống phổ biến nhất ở mọi thời đại, mỗi một ngày cà phê được tiêu thụ hơn 2,25 tỷ cốc trên thế giới. Cà phê dù là thức uống được ưa chuộng trên thế giới nhưng có nhiều bí mật về món đồ uống này mà thực sự bạn chưa khám phá hết về nó.\r\n', 'ct-9(7).jpg', '2019-11-06 03:00:00', NULL),
(10, 'CÀ PHÊ CÔNG SỞ NHỮNG ĐIỀU BẠN NÊN BIẾT', '<div class=\"new-ct\">\r\n<h1 align=\"center\">CÀ PHÊ CÔNG SỞ: NHỮNG ĐIỀU BẠN NÊN BIẾT</h1></br>\r\n<p>Cà phê có thể giúp bạn tăng hiệu quả làm việc, rất tốt nếu bạn làm việc trong quán cà phê, thời điểm uống cà phê tốt nhất ở công sở là khoảng 2h chiều.</p></br>\r\n<p>Cốc cà phê đã trở thành một “người bạn” thân thiết mà nhiều nhân viên công sở không thể thiếu trong mỗi ngày làm việc. Vì quá quen thuộc với cà phê, nên có thể bạn đã bỏ qua một số điều thú vị liên quan tới loại đồ uống này.</p></br>\r\n<p>Dưới đây là một số sự thật về cà phê mà dân công sở nên biết:</p>\r\n<h1>1. Cà phê giúp bạn tỉnh táo</h1></br>\r\n<p>Chất caffeine có trong cà phê chính là nhân tố kích thích giữ cho đầu óc bạn tỉnh táo. Nhiều nghiên cứu chỉ ra rằng, việc sử dụng caffein sẽ giúp người lao động làm việc tốt hơn, nhất là vào những thời điểm mà đồng hồ sinh học của họ khuyến khích việc ngủ. Theo các nhà nghiên cứu, những người lao động làm việc ca đêm nên sử dụng cà phê để tránh mắc lỗi trong công việc.</p></br>\r\n<div class=\"img-news\">\r\n<img src=\"../images/news/ct-10(1).jpg\" /></br>\r\n</div>\r\n<h1>2. Cà phê làm giảm các cơn đau liên quan tới ngồi nhiều</h1></br>\r\n<p>Có một lý do khiến các nhà lập trình máy tính rất chuộng cà phê. Việc sử dụng caffeine có thể giúp họ giải tỏa các cơn đau ở cổ, vai, bắp tay và thắt lưng vốn thường là kết quả của việc ngồi làm việc cặm cụi nhiều giờ bên máy tính.</p></br>\r\n<h1>3. Uống cà phê giúp tăng tuổi thọ, nhất là cho người lao động cao tuổi</h1></br>\r\n<p>Viện Sức khỏe Quốc gia Mỹ đã tìm thấy mối liên hệ giữa uống cà phê và nguy cơ tử vong thấp hơn. Những người trong độ tuổi 50-60 uống hơn 1 cốc cà phê mỗi ngày sẽ giảm được 10% nguy cơ tử vong so với những người không uống cà phê.</p></br>\r\n<div class=\"img-news\">\r\n<img src=\"../images/news/ct-10(2).jpg\" /></br>\r\n</div>\r\n<h1> 4. Cà phê giúp cải thiện hiệu quả công việc</h1></br>\r\n<p>Các nhà nghiên cứu thuộc Viện Công nghệ Massachussetts (MIT) của Mỹ phát hiện ra rằng, những nhân viên có giờ nghỉ giải lao uống cà phê cùng nhau sẽ làm việc năng suất hơn. Các nhà nghiên cứu đã theo dõi một nhóm nhân viên tại một trung tâm dịch vụ khách hàng, nơi có các buổi giải lao uống cà phê giữa giờ làm việc mà tất cả mọi người cùng tham gia. Kết quả, năng suất công việc ở đây cao hơn ở những nơi tương tự khác.</p></br>\r\n<h1>5. Cà phê có thể làm một tình huống căng thẳng trở nên căng thẳng hơn</h1></br>\r\n<p>Theo các nghiên cứu khoa học, caffeine làm tăng huyết áp và tăng hàm lượng adrenalien trong máu. Cả hai yếu tố này cùng dẫn tới mức độ áp lực cao hơn mà bạn cảm thấy trong trường hợp bạn đối mặt với một tình huống căng thẳng. Tác dụng này không biến mất khi bạn rời khỏi nơi làm việc.</p></br>\r\n<h1>6. Thời gian tốt nhất để uống cà phê là vào khoảng 2h chiều</h1></br>\r\n<p>Cơ quan Y tế Quốc gia của Anh cho rằng, mức năng lượng của mỗi người giảm về mức thấp nhất vào khoảng 2h16 chiều. Lời khuyên được đưa ra là, bạn nên nạp một chút caffeine vào thời điểm này và ngủ khoảng 15 phút. Khi tỉnh dậy, caffeine sẽ phát huy tác dụng, và bạn sẽ cảm thấy sảng khoái, tính táo để làm việc. </p></br>\r\n<h1>7. Coworking Space là môi trường làm việc tốt</h1></br>\r\n<p>Được hình thành từ giữa những năm 2000, không gian làm việc chung (co-working space) là một hình thức văn phòng kiểu mới đang phát triển mạnh mẽ trên khắp thế giới. Co-Working space nơi gặp gỡ của những người chưa từng quen biết và làm những công việc có thể hoàn toàn khác nhau, nhưng chính không gian làm việc chung sẽ tạo cho chúng ta thành công trong việc xây dựng tính cộng đồng.</p></br>\r\n<p>Một nghiên cứu đã phát hiện ra rằng, mức độ tiếng ồn từ thấp tới vừa phải của môi trường xung quanh, có thể cải thiện khả năng sáng tạo của bạn. Như vậy, cùng với một tách cà phê hiệu quả làm việc của bạn có thể được cải thiện thay vì ngồi trong văn phòng ngột ngạt với bốn bức tường xung quanh.</p></br>\r\n<p>Nếu bạn cần thêm thông tin trong việc thiết kế quầy mini bar hay góc cà phê dành riêng cho văn phòng của mình hãy để chúng tôi giúp bạn. Hotline tư vấn GIẢI PHÁP CÀ PHÊ VĂN PHÒNG: 19006016 </p></br>\r\n<div class=\"new-ft\">\r\n<p>(ST: Cà phê & Sức Khỏe)</p>\r\n</div>\r\n</div>', 'Cà phê có thể giúp bạn tăng hiệu quả làm việc, rất tốt nếu bạn làm việc trong quán cà phê, thời điểm uống cà phê tốt nhất ở công sở là khoảng 2h chiều. Cốc cà phê đã trở thành một “người bạn” thân thiết mà nhiều nhân viên công sở không thể thiếu trong mỗi ngày làm việc. Vì quá quen thuộc với cà phê, nên có thể bạn đã bỏ qua một số điều thú vị liên quan tới loại đồ uống này.', 'img-news(10).jpg', '2019-11-06 03:00:00', NULL),
(11, 'NGŨ VỊ TRONG CÀ PHÊ', '<div class=\"new-ct\">\r\n<h1 align=\"center\">NGŨ VỊ TRONG CÀ PHÊ</h1></br>\r\n<p>Như chúng ta đã biết, Cà phê Năng lượng trước khi vào dạ dày và thăng hoa lên não sẽ được cơ thể hấp thu qua đường miệng. Tại đây, dưới sự cảm nhận trực tiếp của lưỡi, chúng ta nhận biết được những mùi vị khác nhau trong tách cà phê mà mình thưởng thức.</p></br>\r\n<p>Hy vọng, với những chia sẻ lần này, CH-Coffee sẽ giúp các bạn hiểu hơn về sự cân bằng, hài hòa của Ngũ vị (đắng, chua, cay, mặn, ngọt) bên trong ly Cà phê Năng lượng.</p></br>\r\n<div class=\"img-news\">\r\n<img src=\"../images/news/ct-11(1).jpg\" /></br>\r\n<i>Ngũ Vị Trong Cà Phê</i></br>\r\n</div>\r\n<div class=\"new-ft\">\r\n<p>(ST: Cà phê & Sức khỏe)</p>\r\n</div>', 'Như chúng ta đã biết, Cà phê Năng lượng trước khi vào dạ dày và thăng hoa lên não sẽ được cơ thể hấp thu qua đường miệng. Tại đây, dưới sự cảm nhận trực tiếp của lưỡi, chúng ta nhận biết được những mùi vị khác nhau trong tách cà phê mà mình thưởng thức. Hy vọng, với những chia sẻ lần này, Cafe.net.vn sẽ giúp các bạn hiểu hơn về sự cân bằng, hài hòa của Ngũ vị (đắng, chua, cay, mặn, ngọt) bên trong ly Cà phê Năng lượng.', 'img-news(11).jpg', '2019-11-06 03:00:00', NULL),
(12, 'NHỮNG CÔNG THỨC VÀNG - BIẾN CÀ PHÊ THÀNH THỨC UỐNG \"THẦN KÌ\"', '<div class=\"new-ct\">\r\n<h1 align=\"center\">NHỮNG CÔNG THỨC VÀNG - BIẾN CÀ PHÊ THÀNH THỨC UỐNG \"THẦN KÌ\"</h1></br>\r\n<p>Nếu bạn có thói quen sử dụng cà phê mỗi ngày thì đừng bỏ qua bí kíp uống cà phê đúng cách tốt cho sức khỏe được chia sẻ ngay sau đây.</p></br>\r\n<div class=\"img-news\">\r\n<img src=\"../images/news/ct-12(1).jpg\" /></br>\r\n</div>\r\n<p>Đầu tiên, bạn hãy uống cà phê với thìa dầu dừa mỗi ngày thì chắc chắn sẽ rất có lợi cho sức khỏe.</p></br>\r\n<p>Thứ hai, bạn phải uống nước ấm trước vào mỗi buổi sáng. Bởi lẽ, cơ thể sau một đêm say giấc nồng sẽ cần được đánh thức mọi giác quan bằng một cốc nước lọc ấm. Cà phê là thức uống chỉ nên sử dụng vào thời điểm mà cơ thể bạn đã nạp đủ lượng nước cần thiết.</p></br>\r\n<p>Thứ ba, dạng cà phê được rang sấy tự nhiên, cẩn thận, không chứa hóa chất chính là lựa chọn tốt nhất. Nếu muốn cà phê trở thành loại thức uống lành mạnh cho cơ thể và trí não thì bạn có thể dùng loại cà phê hữu cơ. Điểm khác biệt giữa cà phê hữu cơ với cà phê thông thường khác là nó không chứa thuốc trừ sâu.</p></br>\r\n<div class=\"img-news\">\r\n<img src=\"../images/news/ct-12(2).jpg\" /></br>\r\n</div>\r\n<p>Thứ tư, bạn cũng cần quan tâm đến lượng calo chứa trong cà phê. Thông thường, một tách cà phê nguyên chất chứa khoảng 8 calo nhưng nếu thêm vào sữa, kem, đường và hương vị thì lượng calo sẽ nâng lên đến hàng trăm. Do đó, hãy kiểm soát lượng đường nạp vào cơ thể bằng cách chỉ pha vào tách cà phê bột kem nhẹ và ít béo để thêm chút vị ngon đậm đà.</p></br>\r\n<p>Thứ năm, khi pha cà phê, bạn hãy tránh các chất làm ngọt và hương liệu nhân tạo để không làm tăng lượng calo hay ảnh hưởng đến hệ tiêu hóa. Luôn chắc chắn rằng mình đang uống một ly cà phê sạch với hương thơm tự nhiên chính là bí quyết để bảo vệ sức khỏe của bạn.</p></br>\r\n<p>Thứ sáu, bạn tuyệt đối không uống cà phê khi bụng rỗng nếu không muốn lượng đường trong máu giảm mạnh và làm tăng cảm giác thèm ăn trong thời gian dài. Đặc biệt, đối với người có thể trạng nhạy cảm và thường hay chóng mặt hoặc bị huyết áp thấp thì uống cà phê trong lúc bụng đói sẽ dễ dẫn đến hiện tượng ngất xỉu. Do đó, bạn chỉ nên dùng cà phê sau khi đã ăn sáng.</p></br>\r\n<p>Ngoài những lưu ý về thói quen uống cà phê đúng cách để đảm bảo có ích cho sức khỏe được chia sẻ ở trên, bạn cũng đừng quên uống nhiều nước và dùng thêm các loại nước ép trái cây để bổ sung đầy đủ chất dinh dưỡng cho cơ thể.</p></br>\r\n<div class=\"img-news\">\r\n<img src=\"../images/news/ct-12(3).jpg\" /></br>\r\n<i>Bạn nên uống đủ nước và nước ép trái cây để bổ sung dinh dưỡng cho cơ thể.</i></br>\r\n</div>\r\n<p>Hy vọng “công thức vàng” biến cà phê thành thức uống “thần kì” vừa chia sẻ sẽ giúp cơ thể bạn khỏe hơn khi thưởng thức những ly cà phê tuyệt hảo.</p></br>\r\n<div class=\"new-ft\">\r\n<p>(ST: Cà phê & Sức khỏe)</p>\r\n</div>\r\n</div>', 'Nếu bạn có thói quen sử dụng cà phê mỗi ngày thì đừng bỏ qua bí kíp uống cà phê đúng cách tốt cho sức khỏe được chia sẻ ngay sau đây.', 'img-news(12).jpg', '2019-11-06 03:00:00', NULL);
INSERT INTO `news` (`id`, `title`, `content`, `review`, `image`, `created_at`, `updated_at`) VALUES
(13, 'MẸO LÀM ĐẸP VỚI CÀ PHÊ CHO PHỤ NỮ SAU KHI SINH', '<div class=\"new-ct\">\r\n<h1>MẸO LÀM ĐẸP CHO PHỤ NỮ SAU KHI SINH</h1></br>\r\n<p>Làm đẹp sau sinh là một trong những khát vọng của chị em, tuy nhiên để đảm bảo tính an toàn và hiệu quả vẫn không ai có thể đảm bảo được. Song với những mẹo với cà phê sau đây, chắc chắn bạn sẽ có được vóc dáng từ hình thể đến làn da tuyệt đẹp. Cách thực hiện đơn giản nhưng lại vô cùng hiệu quả. Cùng tìm hiểu và thực hiện ngay nhé!</p></br>\r\n<div class=\"img-news\">\r\n<img src=\"../images/news/ct-13(1).jpg\" /></br>\r\n</div>\r\n<p>Như chúng ta biết cà phê là một thức uống tăng cường các hoạt động về trí tuệ, tạo sự sảng khoái về tâm lý và giúp tỉnh táo hơn. Các nghiên cứu cho thấy cà phê chứa nhiều chất chống oxy hóa, hỗ trợ hệ tim mạch, ngừa ung thư, lợi tiểu… và đặc biệt, cà phê có chứa axit hữu cơ, chất béo vừa đủ, alkaloids, khoáng chất, kali, magie và sắt là những dưỡng chất tốt.</p></br>\r\n<h1>- Tẩy tế bào chết với cà phê: </h1><p> Đổ một tí nước ấm pha cùng 2 muỗng đầy cà phê xay. Dùng để tẩy tế bào chết cho tay, chân trước khi tắm. Cà phê không chỉ tẩy sạch bụi bẩn mà còn làm dịu da bởi nó rất giàu các dầu dưỡng.</p></br>\r\n<h1>- Massage săn da:</h1><p> 2 muỗng đầy cà phê thay vì pha với nước ấm thì trộn với dầu oliu thành hỗn hợp sệt vừa. Sau đó xoa lên vùng da cần làm săn gọn, massage theo chiều kim đồng hồ trong 5 phút rồi rửa sạch với nước ấm.</p></br>\r\n<div class=\"img-news\">\r\n<img src=\"../images/news/ct-13(2).jpg\" /></br>\r\n</div>\r\n<h1>- Làm trắng mịn da:</h1><p> 1 muỗng nhỏ cà phê + lòng trắng trứng. Dùng làm mặt nạ giúp da căng mịn và trắng dần.</p></br>\r\n<h1>- Làm mặt nạ chống nhăn:</h1><p> 1 muỗng bột lúa mạch đen, một ít nước cà phê được làm lạnh, trộn đều đến khi đặc sệt. Tiếp đến, cho thêm 1 lòng đỏ trứng vào rồi trộn đều. Đắp hỗn hợp này lên mặt trong khoảng 15 phút rồi rửa lại bằng nước sạch.</p></br>\r\n<h1>- Chống lão hóa toàn thân:</h1><p> cà phê xay nhuyễn (hơi nóng) rải đều lên vùng da có \"vấn đề\" rồi dùng bao ni lông bao phủ lại trong vòng 15 – 20 phút, sau đó rửa lại bằng nước sạch. Bạn cứ làm như vậy khoảng 2 lần trong tuần sẽ mang lại hiệu quả.</p></br>\r\n<div class=\"img-news\">\r\n<img src=\"../images/news/ct-13(3).jpg\" /></br>\r\n</div>\r\n<h1>- Trị da khô, rạn:</h1><p>Các vết rạn xuất hiện do cấu trúc da bị tổn thương và thường xảy ra ở các thời kỳ có liên quan đến sự thay đổi hormone như tuổi dậy thì hay tăng cân và khi mang thai. Đối với làn da khô hay bị rạn nứt, hãy trộn đều bã cà phê và dầu olive, thoa nhẹ hỗn hợp ấy lên những vùng da mặt bị khô, rạn nứt. Sau đó phủ lên trên một tấm khăn, thư giãn trong 30 phút, gỡ bỏ khăn và rửa thật sạch bằng nước lọc.</p></br>\r\n<h1>- Làm đẹp tóc:</h1></br>\r\n<p>+ Cách 1: trộn cà phê xay nhuyễn với xà phòng tắm rồi gội đầu và mát xa cho tóc một cách nhẹ nhàng. Cách làm này có thể làm cho mái tóc của bạn trở nên bóng mượt và đen hơn.</p></br>\r\n<div class=\"img-news\">\r\n<img src=\"../images/news/ct-13(4).jpg\" /></br>\r\n</div>\r\n<p>+ Cách 2: dùng 1 lòng đỏ trứng gà trộn với 1 muỗng rượu rum, 2 muỗng nước ấm, 1 muỗng cà phê xay nhuyễn và dầu thực vật. Trộn đều các nguyên liệu này với nhau rồi thoa lên tóc khoảng 5 phút, gội sạch bằng nước ấm.</p></br>\r\n<p>Nếu muốn làm cho mái tóc đen và bóng mượt nhanh chóng, bạn có thể xịt nước cà phê lạnh lên tóc rồi dùng lược chải đều.</p></br>\r\n<h1>- Giảm sưng và quầng thâm mắt:</h1><p> Dùng bông gòn thấm nước cà phê đen lên mắt, nằm thư giãn khoảng 10 phút. Đây là biện pháp \"cấp cứu\" khá hiệu quả cho đôi mắt của bạn.</p></br>\r\n<div class=\"img-news\">\r\n<img src=\"../images/news/ct-13(5).jpg\" /></br>\r\n</div>\r\n<h1>- Khử mùi cơ thể: </h1><p> dùng bã cà phê trộn với một chút nước rồi đắp lên nách, sẽ thấm hút mồ hôi hiệu quả và khử sạch mùi hôi, làm trắng vùng da nách, giúp bạn tự tin khi diện những chiếc áo hai dây, áo sát nách.</p></br>\r\n<p>Lưu ý: Bạn nên dùng bột cà phê được xay từ hạt cà phê nguyên rang để đạt hiệu quả mong muốn! </p></br>\r\n<p>Ngoài việc là thức uống ngon, cà phê vô cùng hữu ích đúng không nào?</p></br>\r\n<p>Sản phẩm khuyên dùng <u>Cafe Passiona 4in1</u>- Cà phê dành cho phái đẹp.</p></br>\r\n<div class=\"new-ft\">\r\n<p>(ST: Cà phê & Sức khỏe)</p>\r\n</div>\r\n</div>', 'Làm đẹp sau sinh là một trong những khát vọng của chị em, tuy nhiên để đảm bảo tính an toàn và hiệu quả vẫn không ai có thể đảm bảo được. Song với những mẹo với cà phê sau đây, chắc chắn bạn sẽ có được vóc dáng từ hình thể đến làn da tuyệt đẹp. Cách thực hiện đơn giản nhưng lại vô cùng hiệu quả. Cùng tìm hiểu và thực hiện ngay nhé!', 'img-news(13).jpg', '2019-11-06 03:00:00', NULL),
(14, 'TOP NHỮNG PHONG CÁCH QUÁN CÀ PHÊ CHẤT NHẤT HIỆN NAY', '<div class=\"new-ct\">\r\n<h1 align=\"center\">TOP NHỮNG PHONG CÁCH QUÁN CÀ PHÊ CHẤT NHẤT HIỆN NAY</h1></br>\r\n<h1><u>Phong cách quán Vintage</u></h1></br>\r\n<p>Hiện nay, phong cách Vintage không chỉ được ưa chuộng trong thiết kế nhà hàng, nhà ở mà còn được ứng dụng ngay cả quán cà phê. Đây là phong cách thiết kế có sự pha trộn giữa nét cổ điển lẫn hiện đại và phá cách bởi những bài trí của đồ vật hoài cổ như những chiếc đèn chùm cổ, một chiếc bàn cũ kĩ, chiếc ghế đã bạc màu sơn, những khung ảnh cũ xen lẫn giữa các thiết bị hiện đại như máy tính, đồ gia dụng, tạo nên một không gian hài hòa, độc đáo.  Vintage – một phong cách sang trọng nhưng không quá xa hoa, vẫn cầu kì nhưng lại không quá hào nhoáng đôi khi lại toát lên sự mộc mạc, bình dị, sang trọng mà lại tinh tế. Đối tượng ưa chuộng phong cách này thường là những người đam mê nét đẹp cổ điển.</p></br>\r\n<div class=\"img-news\">\r\n<img src=\"../images/news/ct-14(1).jpg\" /></br>\r\n<i>Thiết kế theo phong cách Vintage</i></br>\r\n</div>\r\n<h1><u>Phong cách quán Scandinavian</u></h1></br>\r\n<p>Phong cách Scandinavian thường hợp với những quán cà phê nhỏ cần tạo một không gian thoáng đãng. Màu trắng và xanh là hai màu chủ đạo của phong cách này, ảnh hưởng từ màu của tuyết và biển đặc trưng của vùng biển Bắc Âu. Đẳng cấp trong mỗi thiết kế nằm ở chỗ đơn giản mà ấn tượng, các đường nét trong lối kiến trúc Scandinavian thường được kết hợp với sự sang trọng kín đáo và ấm áp tạo nên một cảm giác rất giản dị, tinh tế và sang trọng.</p></br>\r\n<p>Gỗ là nguyên liệu xây dựng phổ biến trong tất cả các thiết kế quán cà phê trang trí theo phong cách Scandinavian, đặc biệt là trong thiết kế nội thất Scandinavian. Khi đi vào thiết kế hiện đại, gỗ tự nhiên được tiết chế và sử dụng ít hơn, thường xuất hiện ở trong trang trí, làm một vài đồ nội thất và đôi khi được ưu ái sử dụng như cột nhà, và xà ngang để gợi nhớ về khoảng thời gian xa xưa, đem đôi chút thiên nhiên vào căn hộ thành thị.</p></br>\r\n<div class=\"img-news\">\r\n<img src=\"../images/news/ct-14(2).png\" /></br>\r\n<i>Thiết kế theo phong cách Scandinavian</i></br>\r\n</div>\r\n<h1><u>Phong cách quán Bohemian</u></h1></br>\r\n<p>Bohemian là phong cách của người Bohemia (Gypsy) hay còn gọi là phong cách Boho/ Boho Chic. Phong cách Bohemian được biết đến từ khoảng thế kỷ thứ 19 và nhanh chóng du nhập vào mọi lĩnh vực đời sống từ nghệ thuật, thời trang cho đến kiến trúc.  Bohemian là phong cách dành cho những con người yêu thích sự tự do, phá cách.</p></br>\r\n<p>Điểm nổi bật của phong cách Bohemian là tự do và sự kết hợp giữa các yếu tố màu sắc rực rỡ, chất liệu, họa tiết xếp lớp ấn tượng, kết cấu nghệ thuật sâu sắc… được pha trộn với nhau đem đến sự đồng điệu, hài hòa và tinh tế đồng thời tạo nên những không gian vô cùng thú vị và phóng khoáng.</p></br>\r\n<div class=\"img-news\">\r\n<img src=\"../images/news/ct-14(3).png\" /></br>\r\n<i>Thiết kế theo phong cách Bohemian</i></br>\r\n</div>\r\n<h1><u>Phong cách quán Industrial – Công nghiệp</u></h1></br>\r\n<p>Không gian nội thất theo phong cách này thường thể hiện chân thực nhất. Các yếu tố vật liệu và cấu trúc tạo dựng nên nó đóng vai trò rất quan trọng phong cách thiết kế kiểu công nghiệp này. Các vật liệu gạch, bê tông, kim loại và gỗ thường được phô bày một cách mạnh mẽ với toàn bộ kết cấu bên trong, thường không được bao bọc và che đậy. Phong cách nội thất công nghiệp mô phỏng lại những nhà máy, xí nghiệp ở các khu công nghiệp, khu chế biến sản xuất,... và màu sắc thường được sử dụng đối với phong cách này là ghi xám, đen, trắng hay màu đồng..</p></br>\r\n<div class=\"img-news\">\r\n<img src=\"../images/news/ct-14(4).jpg\" /></br>\r\n<i>Thiết kế theo phong cách Industrial – Công nghiệp</i></br>\r\n</div>\r\n<h1><u>Phong cách quán Minimalist – Tối giản</u></h1></br>\r\n<p>Phong cách bố trí Tối giản đúng như tên gọi của nó sẽ hướng đến sự đơn giản nhất có thể và hiện đang rất được ưa chuộng bởi sự giản dị và tinh tế trong không gian mà nó mang lại. Phong cách Minimalist nghĩa là sử dụng những đường nét đơn giản, thật ít chi tiết, giảm thiểu đồ nội thất, mọi chi tiết đều có lý trong vị trí của mình. Sự tối giản này cho khách hàng cảm giác thoải mái, thoáng đãng và hiệu ứng nghệ thuật tinh tế. Tất cả những thứ gì “thừa thãi” đều không góp mặt trong kiểu thiết kế này.</p></br>\r\n<div class=\"img-news\">\r\n<img src=\"../images/news/ct-14(5).png\" /></br>\r\n<i>Thiết kế theo phong cách Minimalist – Tối giản</i></br>\r\n</div>\r\n<p>Hy vọng với những phong cách quán cà phê trên bạn sẽ có ý tưởng cho không gian kinh doanh của chính mình. Nếu bạn đang ấp ủ ý tưởng kinh doanh và cần thêm thông tin mời bạn tham khảo chương trình “Trọn gói Công cụ Dụng cụ mở quán”, Cafe.net.vn sẽ tư vấn và giúp bạn phát triển ý tưởng thành mô hình thực tế và hiệu quả.</p></br>\r\n<div class=\"new-ft\">\r\n<p>(ST: Cà phê & Cuộc sống)</p>\r\n</div>\r\n</div>', 'Kinh doanh quán cà phê hiện đang là một trong những loại hình khởi nghiệp được giới trẻ lựa chọn, tuy nhiên để bắt đầu cho việc kinh doanh này, điều quan trọng chính là định hình phong cách cho quá. Phong cách thiết kế bài trí quán cà phê sẽ không chỉ nói lên cá tính của chủ sở hữu quán mà còn mà còn là công cụ để xây dựng thương hiệu tạo nên điểm nhấn.', 'ct-14(2).png', '2019-11-06 03:00:00', NULL),
(15, 'ĐỌC VỊ TÍNH CÁCH BẠN QUA GU THƯỞNG THỨC CÀ PHÊ', '<div class=\"new-ct\">\r\n<h1 align=\"center\">ĐỌC VỊ TÍNH CÁCH CỦA BẠN THÔNG QUA \"GUU\" CÀ PHÊ</h1></br>\r\n<div class=\"img-news\">\r\n<img src=\"../images/news/ct-15(1).png\" /></br>\r\n<i> Bảng đọc vị tính cách cà phê</i></br>\r\n</div>\r\n<div class=\"new-ft\">\r\n<p>(ST: Cà phê & Cuộc sống)</p>\r\n</div>\r\n</div>', 'Tính cách của mỗi người không chỉ được bộc lộ qua lời nói, cử chỉ mà còn được thể hiện thông qua sở thích thói quen ăn uống hàng ngày. Thói quen uống cafe có thể tiết lộ phần nào tính cách của bạn. Hãy cùng CH-Coffee xem điều đó có đúng với bạn không nhé.    \r\n', 'img-news(15).jpg', '2019-11-06 03:00:00', NULL),
(16, 'KHI ĐÀN ÔNG ĐI CÀ PHÊ', '<div class=\"new-ct\">\r\n<h1 align=\"center\">KHI ĐÀN ÔNG ĐI UỐNG CÀ PHÊ</h1></br>\r\n<p>Không giống như rượu có thể uống với cả niềm vui lẫn nỗi buồn. Cà phê thường uống chung với nỗi buồn. Cà phê thường được người ta ngồi nhâm nhi với sự trống trải, những ký ức, đôi khi là những kỷ niệm về một thời, một cuộc tình, hay cả một đời người. Có gã nhạc sĩ đã từng viết thế này:</p></br>\r\n<p>Sáng nay cà phê một mình</p></br>\r\n<p>Sài Gòn chợt mưa chợt mưa</p></br>\r\n<p>Nhớ em bao nhiêu cho vừa</p></br>\r\n<p>Em ơi, em ơi…</p></br>\r\n<p>Một thời, những gã đàn ông như thế từng khiến tôi ngưỡng mộ. Bên ly cà phê nóng hổi, một gã đàn ông tư lự nhìn ra phố lặng lẽ ngắm dòng người qua lại. Thi thoảng gã lại nhấp từng ngụm cà phê nhỏ nhâm nhi vị đắng của nó rồi từ từ đặt ly cà phê xuống đôi mắt mơ màng nhìn xa xăm. Thời sinh viên, với tôi cà phê là như vậy. Nhưng cũng giống như những sinh viên khác, tiền chu cấp hàng tháng của bố mẹ chỉ đủ ăn. Bởi vậy, tôi cố gắng làm thêm nhiều việc với mục đích chính là kiếm tiền đi uống cà phê. Lúc ấy, suy nghĩ đơn giản lắm, đi uống chỉ để cho biết.</p></br>\r\n<div class=\"img-news\">\r\n<img src=\"../images/news/ct-16(1).jpg\" /></br>\r\n</div>\r\n<p>Ngày ấy, đi cùng tôi luôn là thằng bạn thân cùng lớp có chung sở thích “hưởng thụ”. Chỉ nguyên cảm giác oai oai khi cầm những đồng tiền kiếm được vào một quán cà phê mà những thằng sinh viên khác ít khi dám vào đã khiến hai thằng hứng thú vô cùng. Đấy là chưa kể đến việc ban ngày đi làm thêm vất vả mà buổi tối lại đi uống cà phê khiến hai thằng cảm tưởng như đang từ giai cấp bị trị lên giai cấp thống trị vì mỗi khi rút ví thanh toán đều rất tự tin.</p></br>\r\n<p>Ngày ấy, chúng tôi thường mang chuyện đi uống cà phê đến lớp để bịp những thằng khác. Ví dụ như chuyện quán này có em phục vụ xinh xắn, trắng trẻo, quán kia cà phê nhạt nhẽo, phong cách phục vụ không chuyên nghiệp. Những thằng nghe chuyện thường nhìn chúng tôi với ánh mắt ngưỡng mộ, rồi lò dò hỏi tiền đâu mà chơi sang thế, lại còn tinh tế nữa, mặc dầu lúc ấy bọn tôi cũng chẳng phân biệt được cà phê nào ngon hay không, chỉ thấy đều đắng. Nhiều thằng hâm mộ quá cứ nằng nặc hỏi bí quyết kiếm tiền nhưng chúng tôi nhất định không nói. Đơn giản vì tiền kiếm được chủ yếu là nhờ việc đi học hộ, đôi khi là thi hộ cho mấy ông anh học tại chức khóa trên chứ cũng không có gì đáng được coi là “bí quyết kiếm tiền” cả.</p></br>\r\n<div class=\"img-news\">\r\n<img src=\"../images/news/ct-16(2).jpg\" /></br>\r\n</div>\r\n<p>Thú thực là lúc đầu chúng tôi cũng không dám bước chân vào mấy quán xịn mà chỉ nhìn bên ngoài đã thấy long lanh. Nhưng sau, do đã ngồi cà phê nhiều ở những quán bình dân nên quyết định liều mình bước vào những quán ấy. Tôi vẫn nhớ, hôm ấy sau khi đã cân nhắc kỹ về một quán thuộc hạng sang hai thằng quyết định gom tiền lại, mượn thêm tiền của mấy thằng bạn cùng phòng cho tự tin. Chưa hết, bọn tôi còn lục tung mấy phòng bên cạnh trong khu ký túc để kiếm ra hai đôi giày và hai bộ quần áo ngon lành nữa. “Đóng thùng” xong, mấy thằng bạn đi qua gặp đều hỏi: “Ê, trông ngon thế, đi tán gái đấy à?”. Hai thằng đều hớn hở: “Không, đang có tiền, đi giải trí ấy mà. Chứ tán gái thì cần gì phải diện thế này”.</p></br>\r\n<p>Buổi tối hôm ấy đã khiến tôi nhận ra một điều đơn giản nhưng quan trọng rằng cà phê ở những quán ấy tuy đắt hơn nhưng không ngon hơn thường lệ, không hơn những quán bình dân mà tôi vẫn uống. Thời sinh viên trôi qua nhanh với vài mối tình. Có lần, tình yêu tan vỡ, ngồi cà phê rồi tự mình triết lý cà phê cũng giống như phụ nữ, nhiều khi hình thức chẳng quan trọng, quan trọng vẫn là cái chất của cà phê, cái sâu thăm thẳm của phụ nữ. Với riêng tôi, lần đầu bước vào một quán cà phê tử tế, cũng giống như hẹn hò một cô gái mà mình có cảm tình. Cả hai đều khiến tôi có chút hồi hộp, bối rối hơn thường lệ. Mỗi quán cà phê đều cho ta những cảm giác khác nhau. Không chỉ phụ thuộc vào chất cà phê, cách pha mà còn phụ thuộc vào cách phục vụ, không gian uống.</p></br>\r\n<div class=\"img-news\">\r\n<img src=\"../images/news/ct-16(3).jpg\" /></br>\r\n</div>\r\n<p>Mỗi gã đàn ông có sở thích cà phê khác nhau. Có thể thích nâu hay đen, có đá hoặc không, có người lại thích những loại cà phê mới, cách pha mới, những loại cà phê pha nhanh, uống nhanh. Riêng tôi thì thích nâu nóng, cũng giống như cách tôi thích những người phụ nữ truyền thống có hơi hướng hiện đại. Đậm đà mà vẫn ngọt ngào. Thưởng thức ít mà vẫn cảm thấy ngon.</p></br>\r\n<p>Có lẽ phụ nữ và cà phê giống nhau ở điểm là đều có thể chinh phục được đàn ông. Với mỗi người đàn ông, phụ nữ cũng như cà phê mang lại những trải nghiệm khác nhau. Riêng tôi, thì cả hai đều khiến tôi mất ngủ nhiều lần.</p></br>\r\n<div class=\"new-ft\">\r\n<p>(ST: Cà phê và Cuộc sống)</p>\r\n</div>\r\n</div>', 'Không giống như rượu có thể uống với cả niềm vui lẫn nỗi buồn. Cà phê thường uống chung với nỗi buồn. Cà phê thường được người ta ngồi nhâm nhi với sự trống trải, những ký ức, đôi khi là những kỷ niệm về một thời, một cuộc tình, hay cả một đời người. Có gã nhạc sĩ đã từng viết thế này', 'img-news(16).jpg', '2019-11-06 03:00:00', NULL);

-- --------------------------------------------------------

--
-- Table structure for table `orders`
--

CREATE TABLE `orders` (
  `id` int(10) UNSIGNED NOT NULL,
  `id_customer` int(10) UNSIGNED DEFAULT NULL,
  `guest_name` char(255) COLLATE utf8mb4_unicode_ci DEFAULT NULL,
  `guest_email` char(255) COLLATE utf8mb4_unicode_ci DEFAULT NULL,
  `guest_phone` char(255) COLLATE utf8mb4_unicode_ci DEFAULT NULL,
  `guest_address` char(255) COLLATE utf8mb4_unicode_ci DEFAULT NULL,
  `id_admin` int(10) UNSIGNED DEFAULT NULL,
  `id_shipping_info` int(10) UNSIGNED NOT NULL,
  `id_status` int(10) UNSIGNED NOT NULL DEFAULT '1',
  `created_at` timestamp NULL DEFAULT NULL,
  `updated_at` timestamp NULL DEFAULT NULL
) ENGINE=InnoDB DEFAULT CHARSET=utf8mb4 COLLATE=utf8mb4_unicode_ci;

--
-- Dumping data for table `orders`
--

INSERT INTO `orders` (`id`, `id_customer`, `guest_name`, `guest_email`, `guest_phone`, `guest_address`, `id_admin`, `id_shipping_info`, `id_status`, `created_at`, `updated_at`) VALUES
(68, NULL, 'Trần Thanh Hiếu', 'tth@gmail.com', '012345789', '2008, Long Thành, Đồng Nai', NULL, 1, 1, '2019-12-03 09:10:03', NULL),
(69, NULL, 'Nguyễn Bạch Nhật Long', 'nbnl@gmail.com', '012345789', 'Bạch Long mobile, quận 5, HCMC', NULL, 1, 1, '2019-12-03 16:16:16', NULL),
(71, NULL, 'Từ Chí Thành', 'ttt@gmail.com', '012345789', '2008, Long Thành, Đồng Nai', NULL, 1, 1, '2019-12-05 00:50:12', NULL),
(72, NULL, 'Nguyễn Thanh Tâm', 'ntt@gmail.com', '012345789', 'Long Thành, Đồng Nai', NULL, 1, 1, '2019-12-05 05:23:40', NULL),
(73, 1, NULL, NULL, NULL, NULL, 17, 1, 2, '2019-12-08 01:07:55', NULL),
(74, 1, NULL, NULL, NULL, NULL, 17, 1, 2, '2019-12-08 11:09:21', NULL),
(75, 1, NULL, NULL, NULL, NULL, NULL, 1, 1, '2019-12-10 03:43:07', NULL),
(76, NULL, 'Trần Thanh Hiếu qwe', 'tth@gmail.com', '012345789', '2008, Long Thành, Đồng Nai', 17, 2, 2, '2019-12-10 03:50:20', NULL),
(77, 1, NULL, NULL, NULL, NULL, 17, 2, 2, '2019-12-10 03:51:58', NULL),
(78, NULL, 'Trần Thanh Hiếu', 'tth@gmail.com', '012345789', '2008, Long Thành, Đồng Nai', 17, 2, 2, '2019-12-10 04:43:11', NULL),
(79, 1, NULL, NULL, NULL, NULL, NULL, 1, 1, '2019-12-10 04:46:30', NULL),
(80, 1, NULL, NULL, NULL, NULL, 17, 1, 2, '2019-12-15 11:59:22', NULL),
(81, NULL, 'Trần Thanh Hiếu', 'tth@gmail.com', '012345789', '2008, Long Thành, Đồng Nai', 17, 2, 2, '2019-12-16 11:40:13', NULL),
(82, NULL, 'Trần Thanh Hiếu', 'tth@gmail.com', '012345789', '2008, Long Thành, Đồng Nai', 16, 2, 2, '2019-12-19 19:12:07', NULL),
(83, NULL, 'Trần Thanh Hiếu', 'tth@gmail.com', '012345789', '2008, Long Thành, Đồng Nai', NULL, 1, 1, '2019-12-19 21:12:43', NULL),
(84, NULL, 'asdasdasdasas', 'tth@gmail.com', '012345789', '2008, Long Thành, Đồng Nai', NULL, 1, 1, '2020-05-01 05:20:38', NULL),
(85, 7, NULL, NULL, NULL, NULL, NULL, 1, 1, '2020-05-01 05:21:42', NULL),
(86, NULL, 'Trần Thanh Hiếu', 'tth@gmail.com', '012345789', '2008, Long Thành, Đồng Nai', NULL, 2, 1, '2020-05-14 04:37:41', NULL);

-- --------------------------------------------------------

--
-- Table structure for table `order_details`
--

CREATE TABLE `order_details` (
  `id` int(10) UNSIGNED NOT NULL,
  `quantity` int(11) NOT NULL,
  `price` int(11) NOT NULL,
  `id_coffee` int(10) UNSIGNED NOT NULL,
  `id_order` int(10) UNSIGNED NOT NULL,
  `created_at` timestamp NULL DEFAULT NULL,
  `updated_at` timestamp NULL DEFAULT NULL
) ENGINE=InnoDB DEFAULT CHARSET=utf8mb4 COLLATE=utf8mb4_unicode_ci;

--
-- Dumping data for table `order_details`
--

INSERT INTO `order_details` (`id`, `quantity`, `price`, `id_coffee`, `id_order`, `created_at`, `updated_at`) VALUES
(71, 4, 150000, 67, 68, NULL, NULL),
(72, 4, 200000, 12, 69, NULL, NULL),
(76, 3, 87000, 58, 71, NULL, NULL),
(77, 4, 16000, 65, 71, NULL, NULL),
(78, 1, 17000000, 13, 72, NULL, NULL),
(79, 1, 1900000, 18, 72, NULL, NULL),
(80, 3, 72000, 24, 73, NULL, NULL),
(81, 1, 35000, 44, 73, NULL, NULL),
(82, 4, 26000, 40, 74, NULL, NULL),
(83, 1, 35000, 44, 74, NULL, NULL),
(84, 1, 59000, 48, 74, NULL, NULL),
(85, 1, 10000000, 17, 75, NULL, NULL),
(86, 1, 72000, 24, 75, NULL, NULL),
(87, 3, 65000, 25, 76, NULL, NULL),
(88, 4, 69000, 43, 77, NULL, NULL),
(89, 4, 52000, 32, 78, NULL, NULL),
(90, 1, 69000, 43, 79, NULL, NULL),
(91, 1, 10000000, 17, 80, NULL, NULL),
(92, 1, 50000, 30, 81, NULL, NULL),
(93, 1, 1900000, 18, 82, NULL, NULL),
(94, 2, 65000, 25, 82, NULL, NULL),
(95, 1, 65000, 25, 83, NULL, NULL),
(96, 3, 195000, 5, 84, NULL, NULL),
(97, 8, 14000, 66, 84, NULL, NULL),
(98, 5, 65000, 25, 85, NULL, NULL),
(99, 5, 195000, 5, 86, NULL, NULL),
(100, 8, 26000, 40, 86, NULL, NULL);

-- --------------------------------------------------------

--
-- Table structure for table `password_resets`
--

CREATE TABLE `password_resets` (
  `email` varchar(255) COLLATE utf8mb4_unicode_ci NOT NULL,
  `token` varchar(255) COLLATE utf8mb4_unicode_ci NOT NULL,
  `created_at` timestamp NULL DEFAULT NULL
) ENGINE=InnoDB DEFAULT CHARSET=utf8mb4 COLLATE=utf8mb4_unicode_ci;

-- --------------------------------------------------------

--
-- Table structure for table `shipping_infos`
--

CREATE TABLE `shipping_infos` (
  `id` int(10) UNSIGNED NOT NULL,
  `name` varchar(255) COLLATE utf8mb4_unicode_ci NOT NULL,
  `price` int(11) NOT NULL,
  `created_at` timestamp NULL DEFAULT NULL,
  `updated_at` timestamp NULL DEFAULT NULL
) ENGINE=InnoDB DEFAULT CHARSET=utf8mb4 COLLATE=utf8mb4_unicode_ci;

--
-- Dumping data for table `shipping_infos`
--

INSERT INTO `shipping_infos` (`id`, `name`, `price`, `created_at`, `updated_at`) VALUES
(1, 'Giao hàng tiêu chuẩn', 20000, NULL, NULL),
(2, 'Giao hàng nhanh', 49000, NULL, NULL);

-- --------------------------------------------------------

--
-- Table structure for table `shopping_carts`
--

CREATE TABLE `shopping_carts` (
  `id` int(10) UNSIGNED NOT NULL,
  `quantity` int(11) NOT NULL,
  `id_coffee` int(10) UNSIGNED NOT NULL,
  `id_customer` int(10) UNSIGNED DEFAULT NULL,
  `created_at` timestamp NULL DEFAULT NULL,
  `updated_at` timestamp NULL DEFAULT NULL
) ENGINE=InnoDB DEFAULT CHARSET=utf8mb4 COLLATE=utf8mb4_unicode_ci;

-- --------------------------------------------------------

--
-- Table structure for table `statuses`
--

CREATE TABLE `statuses` (
  `id` int(10) UNSIGNED NOT NULL,
  `name` varchar(255) COLLATE utf8mb4_unicode_ci NOT NULL,
  `created_at` timestamp NULL DEFAULT NULL,
  `updated_at` timestamp NULL DEFAULT NULL
) ENGINE=InnoDB DEFAULT CHARSET=utf8mb4 COLLATE=utf8mb4_unicode_ci;

--
-- Dumping data for table `statuses`
--

INSERT INTO `statuses` (`id`, `name`, `created_at`, `updated_at`) VALUES
(1, 'Đang chờ duyệt', NULL, NULL),
(2, 'Đã duyệt', NULL, NULL),
(3, 'Hoàn thành', NULL, NULL);

-- --------------------------------------------------------

--
-- Table structure for table `units`
--

CREATE TABLE `units` (
  `id` int(10) UNSIGNED NOT NULL,
  `name` varchar(10) COLLATE utf8mb4_unicode_ci NOT NULL,
  `dram` varchar(10) COLLATE utf8mb4_unicode_ci NOT NULL,
  `created_at` timestamp NULL DEFAULT NULL,
  `updated_at` timestamp NULL DEFAULT NULL
) ENGINE=InnoDB DEFAULT CHARSET=utf8mb4 COLLATE=utf8mb4_unicode_ci;

--
-- Dumping data for table `units`
--

INSERT INTO `units` (`id`, `name`, `dram`, `created_at`, `updated_at`) VALUES
(1, 'Hộp', 'g', NULL, NULL),
(2, 'Lon', 'ml', NULL, NULL),
(3, 'Gói', 'g', NULL, NULL);

--
-- Indexes for dumped tables
--

--
-- Indexes for table `admins`
--
ALTER TABLE `admins`
  ADD PRIMARY KEY (`id`),
  ADD UNIQUE KEY `admins_email_unique` (`email`);

--
-- Indexes for table `brands`
--
ALTER TABLE `brands`
  ADD PRIMARY KEY (`id`);

--
-- Indexes for table `coffees`
--
ALTER TABLE `coffees`
  ADD PRIMARY KEY (`id`),
  ADD KEY `coffees_id_brand_foreign` (`id_brand`),
  ADD KEY `coffees_id_type_foreign` (`id_type`),
  ADD KEY `coffees_id_unit_foreign` (`id_unit`);

--
-- Indexes for table `coffee_types`
--
ALTER TABLE `coffee_types`
  ADD PRIMARY KEY (`id`);

--
-- Indexes for table `customers`
--
ALTER TABLE `customers`
  ADD PRIMARY KEY (`id`),
  ADD UNIQUE KEY `customers_email_unique` (`email`);

--
-- Indexes for table `failed_jobs`
--
ALTER TABLE `failed_jobs`
  ADD PRIMARY KEY (`id`);

--
-- Indexes for table `migrations`
--
ALTER TABLE `migrations`
  ADD PRIMARY KEY (`id`);

--
-- Indexes for table `news`
--
ALTER TABLE `news`
  ADD PRIMARY KEY (`id`);

--
-- Indexes for table `orders`
--
ALTER TABLE `orders`
  ADD PRIMARY KEY (`id`),
  ADD KEY `orders_id_customer_foreign` (`id_customer`),
  ADD KEY `orders_id_admin_foreign` (`id_admin`),
  ADD KEY `orders_id_shiping_info_foreign` (`id_shipping_info`),
  ADD KEY `orders_id_status_foreign` (`id_status`);

--
-- Indexes for table `order_details`
--
ALTER TABLE `order_details`
  ADD PRIMARY KEY (`id`),
  ADD KEY `order_details_id_coffee_foreign` (`id_coffee`),
  ADD KEY `order_details_id_order_foreign` (`id_order`);

--
-- Indexes for table `password_resets`
--
ALTER TABLE `password_resets`
  ADD KEY `password_resets_email_index` (`email`);

--
-- Indexes for table `shipping_infos`
--
ALTER TABLE `shipping_infos`
  ADD PRIMARY KEY (`id`);

--
-- Indexes for table `shopping_carts`
--
ALTER TABLE `shopping_carts`
  ADD PRIMARY KEY (`id`),
  ADD KEY `shopping_carts_id_coffee_foreign` (`id_coffee`),
  ADD KEY `shopping_carts_id_customer_foreign` (`id_customer`);

--
-- Indexes for table `statuses`
--
ALTER TABLE `statuses`
  ADD PRIMARY KEY (`id`);

--
-- Indexes for table `units`
--
ALTER TABLE `units`
  ADD PRIMARY KEY (`id`);

--
-- AUTO_INCREMENT for dumped tables
--

--
-- AUTO_INCREMENT for table `admins`
--
ALTER TABLE `admins`
  MODIFY `id` int(10) UNSIGNED NOT NULL AUTO_INCREMENT, AUTO_INCREMENT=24;
--
-- AUTO_INCREMENT for table `brands`
--
ALTER TABLE `brands`
  MODIFY `id` int(10) UNSIGNED NOT NULL AUTO_INCREMENT, AUTO_INCREMENT=5;
--
-- AUTO_INCREMENT for table `coffees`
--
ALTER TABLE `coffees`
  MODIFY `id` int(10) UNSIGNED NOT NULL AUTO_INCREMENT, AUTO_INCREMENT=68;
--
-- AUTO_INCREMENT for table `coffee_types`
--
ALTER TABLE `coffee_types`
  MODIFY `id` int(10) UNSIGNED NOT NULL AUTO_INCREMENT, AUTO_INCREMENT=7;
--
-- AUTO_INCREMENT for table `customers`
--
ALTER TABLE `customers`
  MODIFY `id` int(10) UNSIGNED NOT NULL AUTO_INCREMENT, AUTO_INCREMENT=8;
--
-- AUTO_INCREMENT for table `failed_jobs`
--
ALTER TABLE `failed_jobs`
  MODIFY `id` bigint(20) UNSIGNED NOT NULL AUTO_INCREMENT;
--
-- AUTO_INCREMENT for table `migrations`
--
ALTER TABLE `migrations`
  MODIFY `id` int(10) UNSIGNED NOT NULL AUTO_INCREMENT, AUTO_INCREMENT=15;
--
-- AUTO_INCREMENT for table `news`
--
ALTER TABLE `news`
  MODIFY `id` int(10) UNSIGNED NOT NULL AUTO_INCREMENT, AUTO_INCREMENT=17;
--
-- AUTO_INCREMENT for table `orders`
--
ALTER TABLE `orders`
  MODIFY `id` int(10) UNSIGNED NOT NULL AUTO_INCREMENT, AUTO_INCREMENT=87;
--
-- AUTO_INCREMENT for table `order_details`
--
ALTER TABLE `order_details`
  MODIFY `id` int(10) UNSIGNED NOT NULL AUTO_INCREMENT, AUTO_INCREMENT=101;
--
-- AUTO_INCREMENT for table `shipping_infos`
--
ALTER TABLE `shipping_infos`
  MODIFY `id` int(10) UNSIGNED NOT NULL AUTO_INCREMENT, AUTO_INCREMENT=3;
--
-- AUTO_INCREMENT for table `shopping_carts`
--
ALTER TABLE `shopping_carts`
  MODIFY `id` int(10) UNSIGNED NOT NULL AUTO_INCREMENT;
--
-- AUTO_INCREMENT for table `statuses`
--
ALTER TABLE `statuses`
  MODIFY `id` int(10) UNSIGNED NOT NULL AUTO_INCREMENT, AUTO_INCREMENT=4;
--
-- AUTO_INCREMENT for table `units`
--
ALTER TABLE `units`
  MODIFY `id` int(10) UNSIGNED NOT NULL AUTO_INCREMENT, AUTO_INCREMENT=4;
--
-- Constraints for dumped tables
--

--
-- Constraints for table `coffees`
--
ALTER TABLE `coffees`
  ADD CONSTRAINT `coffees_id_brand_foreign` FOREIGN KEY (`id_brand`) REFERENCES `brands` (`id`),
  ADD CONSTRAINT `coffees_id_type_foreign` FOREIGN KEY (`id_type`) REFERENCES `coffee_types` (`id`),
  ADD CONSTRAINT `coffees_id_unit_foreign` FOREIGN KEY (`id_unit`) REFERENCES `units` (`id`);

--
-- Constraints for table `orders`
--
ALTER TABLE `orders`
  ADD CONSTRAINT `orders_id_admin_foreign` FOREIGN KEY (`id_admin`) REFERENCES `admins` (`id`),
  ADD CONSTRAINT `orders_id_customer_foreign` FOREIGN KEY (`id_customer`) REFERENCES `customers` (`id`),
  ADD CONSTRAINT `orders_id_shiping_info_foreign` FOREIGN KEY (`id_shipping_info`) REFERENCES `shipping_infos` (`id`),
  ADD CONSTRAINT `orders_id_status_foreign` FOREIGN KEY (`id_status`) REFERENCES `statuses` (`id`);

--
-- Constraints for table `order_details`
--
ALTER TABLE `order_details`
  ADD CONSTRAINT `order_details_id_coffee_foreign` FOREIGN KEY (`id_coffee`) REFERENCES `coffees` (`id`),
  ADD CONSTRAINT `order_details_id_order_foreign` FOREIGN KEY (`id_order`) REFERENCES `orders` (`id`);

--
-- Constraints for table `shopping_carts`
--
ALTER TABLE `shopping_carts`
  ADD CONSTRAINT `shopping_carts_id_coffee_foreign` FOREIGN KEY (`id_coffee`) REFERENCES `coffees` (`id`),
  ADD CONSTRAINT `shopping_carts_id_customer_foreign` FOREIGN KEY (`id_customer`) REFERENCES `customers` (`id`);

/*!40101 SET CHARACTER_SET_CLIENT=@OLD_CHARACTER_SET_CLIENT */;
/*!40101 SET CHARACTER_SET_RESULTS=@OLD_CHARACTER_SET_RESULTS */;
/*!40101 SET COLLATION_CONNECTION=@OLD_COLLATION_CONNECTION */;
